"azonosito","nev","kod","kezdoenek","konyorges","felajanlo","prefacio","aldozasi","aldozasutani"
"1","Advent 1. vasárnapja","ADV01","2022-es Misekönyv 107. oldal<br>
Hozzád emelem az én lelkemet, Uram, 
én Istenem, tebenned bízom, pirulnom ne kelljen!
Ne ujjongjon ellenség fölöttem, 
hiszen aki téged vár, meg nem szégyenül. 
(Vö. Zsolt 24,1-3)","Mindenható, örök Isten,
önts híveid szívébe szent elhatározást,
hogy jótettekkel siessünk a közelgő Krisztus elé,
ő pedig egykor jobbjára állítson minket országában,
és mindnyájan együtt örvendjünk
a boldog örökkévalóságban.
A mi Urunk, Jézus Krisztus, a te Fiad által, aki veled él és uralkodik a Szentlélekkel egységben, Isten mindörökkön örökké.","Kérünk, Urunk, fogadd el az adományokat, 
amelyeket tőled kapott javainkból felajánlunk, 
és add, hogy buzgó lélekkel bemutatott áldozatunk 
nyerje el számunkra megváltásod örök jutalmát. 
Krisztus, a mi Urunk által.","2022-es Misekönyv 428. oldal<br>
<i>I. ADVENTI PREFÁCIÓ<br>
Krisztus kettős eljövetele<br>

A következő prefációt advent első vasárnapjától december  16-ig az időszaki misékben mondjuk, valamint az ugyanebben az időben végzett egyéb misékben, amelyeknek nincs saját prefációjuk.</i><br>
<br>
Az Úr legyen veletek.<br>
  H.: És a te lelkeddel.<br>
Emeljük föl szívünket.<br>
  H.: Fölemeltük az Úrhoz.<br>
Adjunk hálát Urunknak, Istenünknek.<br>
  H.: Méltó és igazságos.<br>

(Mert) Valóban méltó és igazságos, illő és üdvös,
hogy mindig és mindenütt hálát adjunk néked,
mi Urunk, szentséges Atyánk, mindenható, örök Isten:
— Krisztus, a mi Urunk által.
<br>
Ő első eljövetelekor magát megalázva testet öltött,
teljesítette a kezdettől fogva neki rendelt küldetést,
és megnyitotta számunkra az örök üdvösség útját:
hogy amikor dicsőséges fényben újra, eljön,
— látható valóságban NYERjük el,
amit most ígéretében bízva várunk.
<br>
(És) Ezért mi is, miként az angyalok és főangyalok,
a trónod körül álló hatalmas égi szellemek,
és minden seregek a mennyben,
(a te) dicsőséged himnuszát zengjük,
— és velük EGyütt
vég nélkül mondjuk (énekeljük):","Az Úr megadja kegyelmét, 
és földünk megtermi gyümölcsét. 
(Zsolt 84,13)","Urunk, Istenünk, kérünk,
szolgáljanak javunkra az ünnepelt misztériumok,
amelyekkel már mostani múlandó életünkben
megtanítasz arra, hogy az égieket szeressük,
és az örökkévalókhoz ragaszkodjunk.
Krisztus, a mi Urunk által."
"2","Advent 2. vasárnapja","ADV02","Sion népe! Íme, jön az Úr,
hogy megmentse a nemzeteket;
és hallani fogjátok dicsőséges hangját,
szívetek örömére.
(Vö. Iz 30,19.30)","Mindenható, irgalmas Istenünk, segíts,
hogy szent vágyakozással siessünk Fiad elé.
Mennyei bölcsességeddel nevelj minket,
hogy evilági elfoglaltságaink
ne akadályozzanak találkozásunkban szent Fiaddal.
Aki veled él és uralkodik a Szentlélekkel egységben,
Isten mindörökkön örökké.","Kérünk, Urunk, engeszteljenek ki
alázatos imádságaink és felajánlott adományaink,
és bár érdemeink elégtelenek,
megbocsátó jóságoddal siess segítségünkre.
Krisztus, a mi Urunk által.","<i>I. ADVENTI PREFÁCIÓ<br>
Krisztus kettős eljövetele<br>

A következő prefációt advent első vasárnapjától december  16-ig az időszaki misékben mondjuk, valamint az ugyanebben az időben végzett egyéb misékben, amelyeknek nincs saját prefációjuk.</i><br>
<br>
Az Úr legyen veletek.<br>
  H.: És a te lelkeddel.<br>
Emeljük föl szívünket.<br>
  H.: Fölemeltük az Úrhoz.<br>
Adjunk hálát Urunknak, Istenünknek.<br>
  H.: Méltó és igazságos.<br>

(Mert) Valóban méltó és igazságos, illő és üdvös,
hogy mindig és mindenütt hálát adjunk néked,
mi Urunk, szentséges Atyánk, mindenható, örök Isten:
— Krisztus, a mi Urunk által.
<br>
Ő első eljövetelekor magát megalázva testet öltött,
teljesítette a kezdettől fogva neki rendelt küldetést,
és megnyitotta számunkra az örök üdvösség útját:
hogy amikor dicsőséges fényben újra, eljön,
— látható valóságban NYERjük el,
amit most ígéretében bízva várunk.
<br>
(És) Ezért mi is, miként az angyalok és főangyalok,
a trónod körül álló hatalmas égi szellemek,
és minden seregek a mennyben,
(a te) dicsőséged himnuszát zengjük,
— és velük EGyütt
vég nélkül mondjuk (énekeljük):","Jeruzsálem, kelj fel, állj a magaslatra,
és lásd azt a gyönyörűséget, amely Istentől jön. 
(Bár 5,5;4,36)","Lelki eledellel tápláltál minket.
Esedezve kérünk téged, Urunk, Istenünk,
taníts meg minket ebben a misztériumban való részesedés által,
hogy a földi dolgokról okosan gondolkodjunk,
és az égiekhez ragaszkodjunk.
Krisztus, a mi Urunk által."
"3","Advent 3. vasárnapja","ADV03","Örüljetek az Úrban mindig,
újra mondom: örüljetek!
Az Úr közel van!
(Vö. Fil 4,4.5)","Istenünk, te látod,
hogy néped milyen hűséges lélekkel várja
Urának születése napját.
Add, kérünk, hogy elérkezzünk
az üdvösség nagy örömére,
s örvendező lélekkel, áhítatosan ünnepeljünk.
A mi Urunk, Jézus Krisztus, a te Fiad által,
aki veled él és uralkodik a Szentlélekkel egységben,
Isten mindörökkön örökké.","Kérünk, Urunk, álljon előtted szüntelenül
odaadó lélekkel bemutatott áldozatunk,
valósítsa meg az általad rendelt szent misztériumot,
és hatékonyan munkálja bennünk az üdvösséget.
Krisztus, a mi Urunk által.","<i>
II. ADVENTI PREFÁCIÓ<br>
Kettős várakozás Krisztusra<br>

A következő prefációt <b>december  17-e és 24-e közötti</b> időszaki misékben mondjuk, valamint az ugyanebben az időben végzett egyéb misékben, amelyeknek nincs saját prefációjuk.</i><br><br>

Az Úr legyen veletek.<br>
  H.: És a te lelkeddel.<br>
Emeljük föl szívünket.<br>
  H.: Fölemeltük az Úrhoz.<br>
Adjunk hálát Urunknak, Istenünknek.<br>
  H.: Méltó és igazságos.<br>

(Mert) Valóban méltó és igazságos, illő és üdvös,
hogy mindig és mindenütt hálát adjunk néked,
mi Urunk, szentséges Atyánk, mindenható, örök Isten:
  Krisztus, a mi Urunk által.
<br>
Őt előre hirdette a próféták szózata,
és kimondhatatlan szeretettel hordozta a Szűzanya,
az ő közeledtét jelezte Keresztelő János, majd bizonyságot tett arról,
hogy már hozzánk érkezett.<br>
Ö megadja nekünk, hogy születésének ünnepét örvendezve várjuk, és így imádságban virrasztva,
dicséretében ujjongva találjon minket.<br>
És ezért mi is, miként az angyalok és főangyalok,
a trónod körül álló hatalmas égi szellemek,
és minden seregek a mennyben,
(a te) dicsőséged himnuszát zengjük, és velük együtt vég nélkül mondjuk (énekeljük):","Mondjátok: Ti, csüggedt szívűek,
legyetek erősek és ne féljetek!
Íme, a mi Istenünk eljön, és megszabadít minket. 
(Vö. Iz 35,4)","Kegyességedért esedezünk, Urunk,
hogy ez az isteni erőforrás mossa le bűneinket,
és készítsen elő a közelgő ünnepekre.
Krisztus, a mi Urunk által."
"4","Advent 4. vasárnapja","ADV04","Harmatozzatok, egek a magasságból,
és a felhők hullassák közénk az Igazat!
Nyíljék meg a föld, és teremje az Üdvözítőt.
(Iz 45,8)","Kérünk téged, Úristen,
öntsd lelkünkbe szent kegyelmedet,
hogy akik az angyali üzenet által szent Fiadnak,
Jézus Krisztusnak megtestesülését megismertük,
az ő kínszenvedése és keresztje által
a feltámadás dicsőségébe vitessünk.
A mi Urunk, Jézus Krisztus, a te Fiad által,
aki veled él és uralkodik a Szentlélekkel egységben,
Isten mindörökkön örökké.","Kérünk, Urunk, hogy ugyanaz a Szentlélek,
aki a Boldogságos Szűz Mária méhét
eltöltötte égi erejével,
szentelje meg oltárodra helyezett áldozati
adományainkat.
Krisztus, a mi Urunk által.","<i>
II. ADVENTI PREFÁCIÓ<br>
Kettős várakozás Krisztusra<br>

A következő prefációt <b>december  17-e és 24-e közötti</b> időszaki misékben mondjuk, valamint az ugyanebben az időben végzett egyéb misékben, amelyeknek nincs saját prefációjuk.</i><br><br>

Az Úr legyen veletek.<br>
  H.: És a te lelkeddel.<br>
Emeljük föl szívünket.<br>
  H.: Fölemeltük az Úrhoz.<br>
Adjunk hálát Urunknak, Istenünknek.<br>
  H.: Méltó és igazságos.<br>

(Mert) Valóban méltó és igazságos, illő és üdvös,
hogy mindig és mindenütt hálát adjunk néked,
mi Urunk, szentséges Atyánk, mindenható, örök Isten:
  Krisztus, a mi Urunk által.
<br>
Őt előre hirdette a próféták szózata,
és kimondhatatlan szeretettel hordozta a Szűzanya,
az ő közeledtét jelezte Keresztelő János, majd bizonyságot tett arról,
hogy már hozzánk érkezett.<br>
Ö megadja nekünk, hogy születésének ünnepét örvendezve várjuk, és így imádságban virrasztva,
dicséretében ujjongva találjon minket.<br>
És ezért mi is, miként az angyalok és főangyalok,
a trónod körül álló hatalmas égi szellemek,
és minden seregek a mennyben,
(a te) dicsőséged himnuszát zengjük, és velük együtt vég nélkül mondjuk (énekeljük):","Íme, a Szűz méhében fogan és fiút szül,
s Emmánuelnek fogja hívni. 
(Iz 7,14)","Magunkhoz véve megváltásunk zálogát,
kérünk, mindenható Istenünk, add,
hogy minél inkább közeledik az ünnep
üdvöt hozó napja,
annál nagyobb odaadással készüljünk
Fiad születése misztériumának méltó ünneplésére.
Aki él és uralkodik mindörökkön örökké."
"7","Urunk megkeresztelkedése","EVK01","Az Úr megkeresztelkedése után megnyílt az ég,
a Szentlélek galamb képében rászállott,
és az Atya szava hallatszott:
„Ez az én szeretett Fiam, akiben kedvem telik!” (Vö. Mt 3,16-17)","Mindenható, örök Isten,
te ünnepélyesen kinyilatkoztattad nekünk Krisztust
mint szeretett Fiadat,
amikor megkeresztelkedett a Jordán folyóban
és leszállt rá a Szentlélek.
Add, hogy mindig kedved teljék bennünk, fogadott gyermekeidben,
akik újjászülettünk vízből és Szentlélekből.
A mi Urunk, Jézus Krisztus, a te Fiad által,
aki veled él és uralkodik a Szentlélekkel egységben,
Isten mindörökkön örökké.
<br><i>Vagy</i><br>
Istenünk, egyszülött Fiad 
hozzánk hasonló emberi testben jelent meg.
Add, kérünk, hogy bensőleg alakítson újjá minket Jézus,
aki külsejét tekintve hasonló lett hozzánk.
Aki veled él és uralkodik a Szentlélekkel egységben,
Isten mindörökkön örökké.","Fogadd el, Urunk, áldozati adományainkat,
amelyeket szent Fiad
megkeresztelkedésének ünnepén eléd hozunk.
Kérünk, hogy híveid adománya
annak áldozatává váljék,
aki irgalmasságában a világ bűneit eltörölte.
Aki él és uralkodik mindörökkön örökké.","<i>Prefáció Urunk megkeresztelkedéséröl, Misekönyv 158. oldal</i>
<br>
Az Úr legyen veletek.<br>
  H.: És a te lelkeddel.<br>
Emeljük föl szívünket.<br>
  H.: Fölemeltük az Úrhoz.<br>
Adjunk hálát Urunknak, Istenünknek.<br>
  H.: Méltó és igazságos.<br>
(Mert) Valóban méltó és igazságos, illő és üdvös,
hogy mindig és mindenütt hálát adjunk néked,
–  mi Urunk, szentséges ATyánk,
mindenható örök Isten:<br>
Te csodálatos jelekkel vetted körül Jézust,
amikor megkeresztelkedett a Jordán vizében:
–  mennyei szózatod HIRdette,
hogy Igéd itt lakik köztünk.<br>
A galamb képében leszálló Lélek tanúságot tett arról,
hogy Krisztust, a te szolgádat az öröm olajával fölkented,
–  és a szegényekhez KÜLDted
az üdvösség jó hírével.<br>
(És) Ezért az égi erőkkel együtt 
szüntelenül magasztalunk a földön, 
— fölségedet dicsérjük, 
és hangos szóval vég nélkül mondjuk (zengjük):
","Íme, ő az, akiről János mondta: 
Én láttam, és tanúságot teszek róla, 
hogy ő az Isten Fia!
(Jn 1,32.34)","Szent lakomádban részesülve, 
Urunk, könyörögve kérünk, 
hogy Egyszülöttedet hűségesen hallgatva 
gyermekeidnek hívjanak minket, 
és valóban azok is legyünk.
Krisztus, a mi Urunk által."
"5","Szent Család vasárnapja","KAR01","2022-es Misekönyv 140. oldal<br>
A pásztorok sietve útra keltek,
s megtalálták Máriát, Józsefet,
és a jászolban fekvő Kisdedet! 
(Lk 2,16)","Istenünk, te ragyogó példaképnek állítod elénk a Szent Családot.
Segíts, hogy nyomukban járjunk:
gyakoroljuk a családi élet erényeit,
mindig egyek maradjunk a szeretetben,
és így atyai házadban örvendezzünk örök jutalmadnak.
A mi Urunk, Jézus Krisztus, a te Fiad által,
aki veled él és uralkodik a Szentlélekkel egységben,
Isten mindörökkön örökké.","Urunk, Istenünk, felajánljuk neked engesztelő áldozatunkat.
Könyörögve kérünk, hogy az Istenszülő Szűz
és Szent József közbenjárására
erősítsd meg családjainkat kegyelmedben és békédben.
Krisztus, a mi Urunk által.","Karácsonyi prefációk, 430–432. o.<br><i>KARÁCSONYI II. PREFÁCIÓ<br>
A világ helyreállítása a megtestesülésben<br>

A következő prefációt Urunk születése (karácsony) főünnepének és nyolcadának miséin mondjuk; Urunk születésének nyolcadában azokban a misékben is, amelyek különben saját prefációjuk lenne azon misék kivételével, amelyek az isteni titkokról vagy személyekről szólnak; továbbá a karácsonyi idő köznapjain.</i>
<br><br>
Az Úr legyen veletek.<br>
  H.: És a te lelkeddel.<br>
Emeljük föl szívünket.<br>
  H.: Fölemeltük az Úrhoz.<br>
Adjunk hálát Urunknak, Istenünknek.<br>
  H.: Méltó és igazságos.<br>

(Mert) Valóban méltó és igazságos, illő és üdvös,
hogy mindig és mindenütt hálát adjunk néked,
mi Urunk, szentséges Atyánk, mindenható, örök Isten:
  Krisztus, a mi Urunk által.<br>

(Mert) Világrajöttének most ünnepelt szent titka révén
–    láthatóan megjelent KÖZtünk
  a láthatatlan, élő Isten.
Az idő kezdete előtt született, mégis időbeli létezést vállalt:
hogy önmagában felemeljen mindent, ami veszni indult,
így helyreállítsa a világ rendjét,
–    és az elbukott EMbert
  ismét a mennyek országába hívja.
<br>
(És) Ezért mi is dicsőítünk az összes angyalokkal együtt,
–    vidám lélekkel ÉNeklünk,
  és hálás szívvel mondjuk: (zengjük:)","A mi Istenünk megjelent a földön,
és beszélgetett az emberekkel. 
(Bár 3,38)
","Jóságos Atyánk, 
mennyei szentségeiddel tápláltál minket.
Add, hogy a Szent Család példáját 
mindenkor kövessük, 
és a földi élet szenvedései után annak örök társaságába jussunk. 
Krisztus, a mi Urunk által."
"6","Karácsony 2. vasárnapja","KAR02","Mialatt mély csend borult mindenre,
és az éjjel sietős ütja közepén tartott,
mindenható Igéd, Urunk, a mennyből,
királyi székéből eljött közénk! 
(Bölcs 18,14-15)","Mindenható, örök Isten, te vagy híveid világossága.
Áraszd jóságosan mennyei dicsőségedet az egész világra,
hogy minden nép fölött felragyogjon tiszta fényed.
A mi Urunk, Jézus Krisztus, a te Fiad által,
aki veled él és uralkodik a Szentlélekkel egységben,
Isten mindörökkön-örökké.","Felajánlott áldozati adományainkat 
szenteld meg, Urunk, 
egyszülött Fiad születésével: 
ez mutatja meg nekünk az igazság útját, 
és ez adja meg az örök élet reményét. Krisztus, a mi Urunk által.","Karácsonyi prefációk, 430–432. o.<br>
<i>III. PREFÁCIÓ URUNK SZÜLETÉSÉRŐL<br>
Titokzatos csere az Ige megtestesülésében<br>

A következő prefációt Urunk születése (Karácsony) főünnepének és nyolcadának miséin mondjuk; Urunk születésének nyolcadában azokban a misékben is, amelyek különben saját prefációjuk lenne azon misék kivételével, amelyek az isteni titkokról vagy személyekről szólnak; továbbá a karácsonyi idő köznapjain.</i><br>
<br>
Az Úr legyen veletek.<br>
  H.: És a te lelkeddel.<br>
Emeljük föl szívünket.<br>
  H.: Fölemeltük az Úrhoz.<br>
Adjunk hálát Urunknak, Istenünknek.<br>
H.: Méltó és igazságos.<br>

(Mert) Valóban méltó és igazságos, illő és üdvös,
hogy mindig és mindenütt hálát adjunk néked,
mi Urunk, szentséges Atyánk, mindenható, örök Isten:
  Krisztus, a mi Urunk által.<br>

A mai napon felragyogott benne megváltásunk fénye:
az örök Ige gyarló emberségünket magára vette,
és ezzel a halandó emberre fogyhatatlan dicsőség származott,
–    sőt csodálatos CSErével
miénk lett isteni, örök és boldog élete.
<br>
(És) Ezért mi is az angyalok kórusához társulunk
–    dicsőítünk TÉged,
  és ujjongva mondjuk: (zengjük:)

","Mindazoknak, akik befogadták, hatalmat adott, hogy Isten fiai legyenek. 
(Vö. Jn 1,12)","Kérve kérünk, Urunk, Istenünk, 
hogy ennek a misztériumnak az ereje 
mossa le bűneinket, és töltse be tiszta vágyainkat. 
Krisztus, a mi Urunk által."
"8","Évközi 2. vasárnap","EVK02","Misekönyv 368. oldal<br>
Az egész föld imádjon téged, Istenünk,
és dicsérjen téged,
zengjen nevednek éneket, ó Fölséges! (Zsolt 65,4)","Mindenható, örök Isten,
te kormányozod a mennyet és a földet:
hallgasd meg néped esdeklő imáját,
és adj békét napjainkban.
A mi Urunk, Jézus Krisztus a te Fiad által,
aki veled él és uralkodik a Szentlélekkel egységben,
Isten mindörökkön örökké.","Kérünk, Urunk, Istenünk, add,
hogy méltón vegyünk részt
ezekben a misztériumokban,
mert valahányszor Fiad áldozatának
emlékét ünnepeljük,
megváltásunk műve folytatódik.
Krisztus, a mi Urunk által.","Évközi I-VIII. prefáció, Misekönyv 447-454. oldal","Asztalt terítettél nekem,
és kelyhemet pompás itallal
csordultig töltötted.
(Vö. Zsolt 22,5) 
<br>
<i>Vagy</i><br>
Megismertük és hittük a szeretetet,
amellyel Isten szeret minket. 
(1Jn 4,16)","Urunk, Istenünk,
áraszd szívünkbe szereteted Szentlelkét,
hogy minket, akiket egyazon mennyei kenyérrel tápláltál,
egyazon szeretet kapcsoljon össze.
Krisztus, a mi Urunk által."
"9","Évközi 3. vasárnap","EVK03","Misekönyv 369. oldal<br>
Énekeljetek az Úrnak új éneket,
énekelj az Úrnak, egész föld.
Méltóság és fönség van színe előtt,
szentélyében hatalom és ékesség. 
(Vö. Zsolt 95,1.6)","Mindenható, örök Isten,
irányítsd tetteinket tetszésed szerint,
hogy szeretett Fiad nevében minél több jót tegyünk.
A mi Urunk, Jézus Krisztus, a te Fiad által, aki veled él és uralkodik a Szentlélekkel egységben, Isten mindörökkön örökké.","Urunk, Istenünk, fogadd atyai szeretettel
és szenteld meg áldozati adományainkat,
hogy ogy az üdvösséget megszerezzék számunkra.
Krisztus, a mi Urunk által.","Évközi I-VIII. prefáció, Misekönyv 447-454. oldal","Járuljatok az Úrhoz, és megvilágosodtok,
és arcotokat nem érheti szégyen. 
(Vö. Zsolt 33,6)
<br><i>vagy</i><br>
Én vagyok a világ világossága - mondja az Úr.
Aki követ engem, nem jár sötétségben,
hanem övé lesz az élet világossága. 
(Jn 8,12)
","Kérünk, mindenható Urunk, Istenünk:
add, hogy éltető kegyelmed erejéből
mindig boldogan szolgáljunk neked.
Krisztus, a mi Urunk által."
"10","Évközi 4. vasárnap","EVK04","Misekönyv 370. oldal<br>
Szabadíts meg minket, Urunk, Istenünk,
és gyújts egybe a nemzetek közül,
hogy hálát adhassunk a te szent nevednek,
és dicséretedben legyen a mi dicsekvésünk.
(Zsolt 105,47)","Urunk, Istenünk, engedd, hogy téged egész lelkünkkel imádjunk, embertársainkat pedig őszinte szívből szeressük.
A mi Urunk, Jézus Krisztus, a te Fiad által, aki veled él és uralkodik a Szentlélekkel egységben, Isten mindörökkön örökké.","Urunk, Istenünk,
hódoló szívvel hozzuk oltárodra áldozati adományainkat.
Kérünk, tedd megváltásunk szent áldozatává
és fogadd kegyesen.
Krisztus, a mi Urunk által.","Évközi I-VIII. prefáció, Misekönyv 447-454. oldal","Ragyogtasd fel szolgád fölött arcodat,
és szabadíts meg engem irgalmasságodban.
Uram, ne hagyd, hogy szégyent valljak,
hiszen téged hívlak! 
(Vö. Zsolt 30,17-18)
<br>
<i>Vagy</i><br>
Boldogok a lélekben szegények,
mert övék a mennyek országa.
Boldogok a szelídek, mert ők öröklik a földet. 
(Mt 5,3-4)
","Megváltásunk égi eledelével tápláltál minket, Urunk, Istenünk.
Kérünk, hogy örök üdvösségünknek ez a tápláléka növelje bennünk mindenkor az igaz hitet.
Krisztus, a mi Urunk által."
"11","Évközi 5. vasárnap","EVK05","Misekönyv 371. oldal<br>
Jöjjetek, boruljunk le,
hódoljunk Urunk, alkotónk előtt,
hulljunk térdre, mert ő az Úr, a mi Istenünk. 
(Zsolt 94,6-7)","Urunk, Istenünk,
őrizd szüntelen jóságoddal házad népét
és erősítsd oltalmaddal mindenkor,
mert csak a te kegyelmedre hagyatkozhat.
A mi Urunk, Jézus Krisztus, a te Fiad által,
aki veled él és uralkodik a Szentlélekkel egységben,
Isten mindörökkön örökké.","Urunk, Istenünk, te a kenyeret és a bort
elsősorban mulandó földi életünk táplálékául rendelted.
Add, hogy örök életünk szentségi táplálékává is legyenek.
Krisztus, a mi Urunk által.","Évközi I-VIII. prefáció, Misekönyv 447-454. oldal","Adjunk hálát az Úrnak irgalmasságáért,
az emberek fiaival tett csodáiért,
mert bő vizet adott a szomjazónak,
és az éhezőt eltöltötte minden jóval.
(Vö. Zsolt 106,8-9)
<br>
<i>Vagy</i><br>
Boldogok, akik sírnak,
mert ők vigasztalást nyernek.
Boldogok, akik éhezik és
szomjazzák az igazságot,
mert ők majd eltelnek vele.
(Mt 5,5-6)
","Istenünk, te egy kenyérből adtál ennünk,
és egy kehelyből adtál innunk.
Segíts, hogy egy legyünk Krisztusban,
és örömmel munkálkodjunk az egész világ üdvösségén.
Krisztus, a mi Urunk által."
"12","Évközi 6. vasárnap","EVK06","Misekönyv 372. oldal<br>
Légy nekem oltalmazó Istenem és menedékházam,
hogy megszabadíts engem:
mert erősségem és menedékem vagy te,
nevedért vezérelsz engem, és gondomat viseled. 
(Vö. Zsolt 30,3-4)","Istenünk, tanításodból tudjuk,
hogy az őszinte és tiszta szívekben akarsz élni.
Kérünk, alakíts át minket kegyelmeddel,
hogy méltó hajlékod legyünk.
A mi Urunk, Jézus Krisztus, a te Fiad által,
aki veled él és uralkodik a Szentlélekkel egységben,
Isten mindörökkön örökké.","Kérünk, Istenünk, hogy ez az áldozati adomány
tisztítson meg és újítson meg minket.
Legyen örök jutalom forrása azoknak,
akik teljesítik szent akaratodat.
Krisztus, a mi Urunk által.","Évközi I-VIII. prefáció, Misekönyv 447-454. oldal","Ettek, és elteltek bőségesen,
és kívánságukat betöltötte az Úr;
és nem csalatkoztak kívánságukban.
(Vö. Zsolt 77,29-30)
<br>
<i>Vagy</i><br>
Úgy szerette Isten a világot,
hogy egyszülött Fiát adta,
hogy mindaz, aki hisz őbenne, el ne vesszen,
hanem örök élete legyen.
(Jn 3,16)
","Mennyei kenyérrel örvendeztettél meg minket, Urunk, Istenünk.
Add, hogy mindig olyan eledelre vágyakozzunk,
amely az igaz életet táplálja bennünk.
Krisztus, a mi Urunk által."
"13","Évközi 7. vasárnap","EVK07","Misekönyv 373. oldal<br>
Uram, a te irgalmadban bízom.
Ujjong a szívem a te szabadításodban.
énekelek az Úrnak, aki jót tett velem. 
(Zsolt 12,6)","Mindenható Istenünk,
segíts, hogy törvényedet mindenkor szem előtt tartsuk,
akaratodat pedig szóval és tettel meg is valósítsuk.
A mi Urunk, Jézus Krisztus, a te Fiad által,
aki veled él és uralkodik a Szentlélekkel egységben,
Isten mindörökkön örökké.","Urunk, Istenünk,
köteles gyermeki hódolattal ünnepeljük
misztériumaidat.
Könyörögve kérünk,
hogy amit Fölséged dicsőségére felajánlunk,
hozza meg nekünk az üdvösséget.
Krisztus, a mi Urunk által.","Évközi I-VIII. prefáció, Misekönyv 447-454. oldal","Hirdetem minden csodatettedet.
Vigadok és ujjongok benned,
dicséretet zengek nevednek, Fölséges!(Zsolt 9,2-3)
<br><i>vagy</i><br>
Uram, hiszem, hogy te vagy a Krisztus,
az élő Isten Fia, aki a világba jöttél. (Jn 11,27)","Mindenható Istenünk,
add, hogy valóban elnyerhessük az üdvösséget,
amelynek zálogát ezekben a misztériumokban
befogadtuk.
Krisztus, a mi Urunk által."
"14","Évközi 8. vasárnap","EVK08","Misekönyv 374. oldal<br>
Az Úr lett az én oltalmam,
tágas térre vezetett ki engem,
megszabadított, mert kedvét lelte bennem.(Vö. Zsolt 17,19-20)","Urunk, Istenünk, irányítsd a világ rendjét
akaratod szerint békességben.
Egyházadnak pedig add meg,
hogy odaadó buzgósággal
és zavartalan örömmel szolgáljon neked.
A mi Urunk, Jézus Krisztus, a te Fiad által,
aki veled él és uralkodik a Szentlélekkel egységben,
Isten mindörökkön örökké.","Istenünk, tőled kaptuk, amit nevednek felajánlunk,
te mégis a mi odaadó szolgálatunk hódolataként
fogadod el adományainkat.
Kérjük irgalmas jóságodat,
hogy amit érdemszerzésre kaptunk tőled,
szerezze meg nekünk örök jutalmadat.
Krisztus, a mi Urunk által.","Évközi I-VIII. prefáció, Misekönyv 447-454. oldal","Énekelek az Úrnak, aki jót tett velem,
és dicséretet zengek a Felséges Úr nevének. 
(Vö. Zsolt 12,6)
<br>
<i>Vagy</i><br>
Íme, én veletek vagyok minden nap,
a világ végéig – mondja az Úr. 
(Mt 28,20)
","Üdvösségszerző ajándékoddal vendégeltél meg minket, Urunk, Istenünk.
Kérjük irgalmasságodat,
hogy amivel most földi életünkben táplálsz,
ugyanazzal a mennyei eledellel tégy bennünket
az örök élet részesévé.
Krisztus, a mi Urunk által."
"15","Évközi 9. vasárnap","EViKe09","Misekönyv 375. oldal<br>
Tekints rám és könyörülj rajtam, Uram, mert elhagyatott és szegény vagyok. 
Lásd megalázottságomat és gyötrelmemet, bocsásd meg minden vétkemet, Istenem.
(Vö. Zsolt 24,16.18)","Gondviselő Istenünk,
a te végzéseid mindenkor valóra válnak.
Könyörögve kérünk, tarts távol tőlünk mindent,
ami kárunkra lehetne,
és adj meg mindent, ami javunkra szolgál.
A mi Urunk, Jézus Krisztus, a te Fiad által,
aki veled él és uralkodik a Szentlélekkel egységben,
Isten mindörökkön örökké.","Urunk, Istenünk, jóságodban bízva jöttünk össze,
hogy adományainkat tisztelettel oltárodra helyezzük.
Tisztítson meg minket a te kegyelmed,
és a neked bemutatott áldozat vezessen el az örök életre.
Krisztus, a mi Urunk által.","Évközi I-VIII. prefáció, Misekönyv 447-454. oldal","Hozzád kiáltok, mert te meghallgatsz, Istenem,
hajtsd hozzám füledet, hallgasd meg szavamat! 
(Vö. Zsolt 16,6)
<br>
<i>Vagy</i><br>
Bizony, mondom nektek,
mindazt, amit imádkozva kértek, higgyétek, hogy megkapjátok, és akkor valóban teljesül kérésetek – mondja az Úr. 
(Mk 11,23.24)","Kérünk, Urunk, Istenünk, Szentlelkeddel irányíts minket,
akiket Fiad Testével és Vérével táplálsz,
hogy téged ne csak szóval és nyelvvel,
hanem igaz szívvel és tetteinkkel is megvalljunk,
és így eljussunk a mennyek országába.
Krisztus, a mi Urunk által."
"16","Évközi 10. vasárnap","EViKe10","Misekönyv 376. oldal<br>
Az Úr az én világosságom és üdvösségem, kitől is félnék?
Az Úr életem oltalmazója, kitől rettegnék?  Ellenségeim, akik szorongatnak, megtántorodnak és elesnek.
(Vö. Zsolt 26,1-2)","Istenünk, minden jó tőled származik.
Add meg, kérünk,
hogy sugallatodat követve helyesen gondolkodjunk,
és irányításoddal a jót meg is valósítsuk.
A mi Urunk, Jézus Krisztus, a te Fiad által,
aki veled él és uralkodik a Szentlélekkel egységben,
Isten mindörökkön örökké.","Kérünk, Urunk, Istenünk, vedd jónéven szolgálatunkat,
hogy amit felajánlunk, legyen előtted kedves áldozat,
és gyarapítsa szeretetünket.
Krisztus, a mi Urunk által.","Évközi I-VIII. prefáció, Misekönyv 447-454. oldal","Az Úr az én erősségem, menedékem, és szabadítom: Istenem, én segítőm.
(Zsolt 17,3)
<br>
<i>Vagy</i>
<br>
Szeretet az Isten, és aki a szeretetben marad, az Istenben marad, és Isten őbenne. 
(1Jn 4,16)","Irgalmas urunk, Istenünk,
a szentáldozás gyógyító kegyelme
szabadítson meg bűneinktől
és vezessen el minket a jóra.
Krisztus, a mi Urunk által."
"17","Évközi 11. vasárnap","EVK11","Halld meg, Uram, hangomat,
amellyel hozzád kiáltok.
Te légy segítőm, ne hagyj el,
és ne vess meg engem, üdvözítő Istenem. (Vö. Zsolt 26,7.9)","Istenünk, benned bízók erőssége,
nélküled semmit sem tehet a gyenge halandó.
Kérünk, add nekünk mindenkor kegyelmed segítségét,
hogy jó szándékkal teljesítsük parancsaidat,
és cselekedeteinkkel megnyerjük tetszésedet.
A mi Urunk, Jézus Krisztus, a te Fiad által,
aki veled él és uralkodik a Szentlélekkel egységben,
Isten mindörökkön örökké.","Istenünk, te az ember testét és lelkét
a kenyérrel és borral mint eledellel táplálod,
mint szentséggel újjáalkotod.
Add, hogy ugyanezen ajándékaid
testünk és lelkünk javára váljanak.
Krisztus; a mi Urunk által.",,"Egyet kértem az Úrtól, egy a vágyam:
hogy az Úr házában lakjam
életem minden napján. 
(Zsolt 26,4)
<br><i>vagy</i><br>
Szent Atyám, tartsd meg őket a nevedben,
akiket nekem adtál, hogy egy legyenek, mint mi – mondja az Úr. (Jn 17,11)","Urunk, Istenünk, szent lakomádban való részesedésünk
láthatóvá teszi a hívek benned való egységét.
Add, hogy ez a szentáldozás
munkálja is hatékonyan ezt az egységet Egyházadban.
Krisztus, a mi Urunk által."
"18","Évközi 12. vasárnap","EVK12","Az Úr népének erőssége,
Fölkentjének szabadulása és menedéke.
Mentsd meg népedet, Uram,
áldd meg örökségedet,
és kormányozd őket mindörökké. (Vö. Zsolt 27,8-9)","Urunk, Istenünk,
add, hogy szent nevedet mindenkor tiszteljük és szeressük,
mert gondviselő oltalmadat soha nem vonod meg azoktól,
akiket állhatatos szeretetedre tanítasz.
A mi Urunk, Jézus Krisztus, a te Fiad által,
aki veled él és uralkodik a Szentlélekkel egységben,
Isten mindörökkön örökké.","Urunk, Istenünk, fogadd el az engesztelés
és dicséret áldozatát.
Add, hogy annak erejéből megtisztulva,
szívünk odaadása is kedves áldozattá legyen előtted.
Krisztus, a mi Urunk által.",,"Mindenek szemei tebenned bíznak, Uram,
mert te adsz nekik eledelt alkalmas időben. (Zsolt 144,15)
<br><i>vagy</i><br>
Én vagyok a jó Pásztor, és életemet adom a juhaimért – mondja az Úr. (Jn 10,11.15)","A szent Test és Vér áldott tápláléka
megújít minket, Urunk, Istenünk.
Kérjük irgalmadat, hogy amit áhítatos lélekkel
újra meg újra ünneplünk,
megváltásod kegyelméből biztosan el is érjük.
Krisztus, a mi Urunk által."
"19","Évközi 13. vasárnap","EVK13","Tapsoljatok, nemzetek, mindnyájan,
örvendjetek Istennek ujjongó szóval! (Zsolt 46,2)","Istenünk, aki kegyelmeddel gyermekeiddé
fogadtál és a világosság fiaivá tettél minket,
kérünk, tartsd távol tőlünk a tévedés homályát,
és segíts, hogy igazságod ragyogó fénye
mindig tündököljön lelkünkben.
A mi Urunk, Jézus Krisztus, a te Fiad által,
aki veled él és uralkodik a Szentlélekkel egységben,
Isten mindörökkön örökké.","Istenünk, te a szentségi jelek által
lelkünkbe árasztod a megváltás kegyelmét.
Add, hogy szolgálatunk
szent titkaidhoz méltó legyen.
Krisztus, a mi Urunk által.",,"Áldjad, lelkem, az Urat, és egész bensőm az ő szent nevét! 
(Vö. Zsolt 102,1)
<br><i>Vagy</i><br>
Atyám, értük könyörgök,
hogy ők is egy legyenek mibennünk,
és így elhiggye a világ, hogy te küldtél engem
– mondja az Úr. (Jn 17,20-21)","Kérünk, Urunk, Istenünk,
éltessen minket ez a szent áldozat,
amelyet felajánlottunk, és amelyben részesültünk,
hogy örök szeretettel hozzád kapcsolódva
örök életre szóló gyümölcsöt hozzunk.
Krisztus, a mi Urunk által."
"20","Évközi 14. vasárnap","EVK14","Befogadtuk, Istenünk, irgalmasságodat templomod belsejében.
Miként neved, Istenünk, ügy dicséreted is betölti a föld határait, jobbod telve igazsággal. (Vö. Zsolt 47,10-11)","Istenünk, te szent Fiad megaláztatása által
fölemelted az elesett emberiséget.
Adj szent örömet nekünk,
akiket kiragadtál a bűn szolgaságából,
és fogadj be egykor az örök boldogságba.
A mi Urunk, Jézus Krisztus, a te Fiad által,
aki veled él és uralkodik a Szentlélekkel egységben,
Isten mindörökkön örökké.","Urunk, Istenünk,
tisztítson meg minket ez a nevednek szentelt áldozat,
hogy napról napra szentebb életet éljünk.
Krisztus, a mi Urunk által.",,"Ízleljétek és lássátok, milyen édes az Úr,
boldog az az ember, aki őbenne bízik.(Zsolt 33,9)
<br><i>vagy</i><br>
Jöjjetek hozzám mind,
akik fáradtak vagytok és terhet hordoztok,
és én felüdítelek titeket – mondja az Úr. (Mt 11,28)","Urunk, Istenünk, határtalan szereteted ajándékaival eltelve
arra kérünk,
hogy élni tudjunk üdvösségszerző javaiddal,
és mindig buzgók legyünk dicséretedben.
Krisztus, a mi Urunk által."
"21","Évközi 15. vasárnap","EVK15","Igazságban jelenek meg színed előtt,
betölt engem a te dicsőséged. (Vö. Zsolt 16,15)","Istenünk, te megmutatod igazságod fényét a tévelygőknek,
hogy visszataláljanak a helyes útra.
Add meg mindazoknak,
akik a keresztény hitet vallják,
hogy elutasítsák, ami ellenkezik ezzel a névvel,
és törekedjenek arra, ami méltó hozzá.
A mi Urunk, Jézus Krisztus, a te Fiad által,
aki veled él és uralkodik a Szentlélekkel egységben,
Isten mindörökkön örökké.","Urunk, Istenünk, fogadd szívesen
könyörgő Egyházad áldozati adományait,
és add,
hogy életünk megszentelésére részesedjünk belőlük.
Krisztus, a mi Urunk által.",,"A veréb is otthont talál magának,
és fészket a gerle, ahová fiait helyezze:
a te oltárodnál, Seregek Ura, én Királyom és Istenem!
Boldogok, akik házadban laknak,
és téged örökké magasztalnak. (Vö. Zsolt 83,4-5)
<br><i>Vagy</i><br>
Aki eszi az én testemet és issza az én véremet,
az bennem marad, és én őbenne – mondja az Úr. (Jn 6,56)","Részesültünk ajándékaidban, Urunk, Istenünk.
Kérve kérünk,
hogy valahányszor megünnepeljük ezt a misztériumot,
növekedjék bennünk üdvösségszerző kegyelmed.
Krisztus, a mi Urunk által."
"22","Évközi 16. vasárnap","EVK16","íme, az Isten segít engem,
és az Úr az én lelkem oltalmazója.
Készséges szívvel áldozom majd neked,
és hálát adok, Uram, jóságos nevednek. (Vö. Zsolt 53,6.8)","Urunk, Istenünk, könyörülj népeden,
és add nekünk bőségesen kegyelmed ajándékait,
hogy mindenkor élő hittel, reménységgel, szeretettel
és állandó éberséggel teljesítsük parancsaidat.
A mi Urunk, Jézus Krisztus, a te Fiad által,
aki veled él és uralkodik a Szentlélekkel egységben,
Isten mindörökkön örökké.","Istenünk, te a sokféle ószövetségi áldozat helyébe
egyetlen tökéletes áldozatul Fiad keresztáldozatát rendelted.
Kérünk, fogadd el híveid áldozati adományát,
amint egykor elfogadtad Ábel áldozatát,
hogy amit most Fölséged dicsőítésére felajánlunk,
az egész világ üdvösségére váljék.
Krisztus, a mi Urunk által.",,"Emlékezetet szerzett csodatetteinek
az irgalmas és könyörületes Úr:
eledelt adott az őt félőknek. (Zsolt 110,4-5)
<br><i>vagy </i><br>
Íme, az ajtóban állok és kopogok – mondja az Úr:
ha valaki meghallja hangom,
és ajtót nyit nekem,
bemegyek hozzá, vele eszem, ő meg énvelem. (Jel 3,20)","Kérünk, Urunk, Istenünk, légy irgalmas a te népedhez,
és minket, akiket a mennyei misztériumokba beavattál,
vezess át a régiből az új életbe.
Krisztus, a mi Urunk által."
"23","Évközi 17. vasárnap","EVK17","Szent hajlékában lakik az Isten:
Isten, aki lakást ad házában az egyetértőknek.
Ő ad hatalmat és erőt népének. (Vö. Zsolt 67,6-7.36)","Istenünk, benned bízók oltalmazója,
aki nélkül semmi sem szent, semmi sem állandó:
áraszd ránk bőséges irgalmadat,
hogy irányításoddal és kormányzásoddal
úgy használjuk a mulandó javakat,
hogy már most a maradandókhoz ragaszkodjunk.
A mi Urunk, Jézus Krisztus, a te Fiad által,
aki veled él és uralkodik a Szentlélekkel egységben,
Isten mindörökkön örökké.","Urunk, Istenünk, fogadd el áldozati adományainkat,
amelyeket bőkezűen adott ajándékaidból hozunk eléd.
Add, hogy ezek a szent misztériumok
kegyelmed erejével szenteljék meg földi életünket,
és vezessenek el az örök boldogságra.
Krisztus, a mi Urunk által.",,"Áldjad, lelkem, az Urat,
és ne feledd el, hogy mennyi jót tett veled. (Zsolt 102,2)

<br><i>Vagy </i><br>
Boldogok az irgalmasok, mert majd nekik is irgalmaznak.
Boldogok a tiszta szívűek, mert meglátják az Istent. (Mt 5,7-8)","Urunk, Istenünk, magunkhoz vettük ezt a mennyei szentséget,
szent Fiad szenvedésének örök emlékét.
Add, kérünk, hogy üdvösségünkre váljék az az ajándék,
amelyet kimondhatatlan nagy szeretetében
ő maga adott nekünk.
Aki él és uralkodik mindörökkön örökké."
"24","Évközi 18. vasárnap","EVK18","Istenem, jöjj segítségemre,
Uram, siess, segíts meg engem!
Segítőm és szabadítom te vagy,
én Istenem, ne késlekedj! (Zsolt 69,2.6)","Urunk, boldogan vallunk téged
teremtő és gondviselő Istenünknek.
Oltalmazd mindenkor híveidet:
újítsd meg kegyelmi adományaidat bennünk,
és megújult életünket őrizd meg jóságosán.
A mi Urunk, Jézus Krisztus, a te Fiad által,
aki veled él és uralkodik a Szentlélekkel egységben,
Isten mindörökkön örökké.","Irgalmas Urunk, Istenünk,
szenteld meg ezeket az adományokat,
és elfogadva lelki áldozatunkat,
neked szentelt örök áldozattá tegyél minket.
Krisztus, a mi Urunk által.",,"Kenyeret adtál a mennyből, Urunk (Istenünk), amely minden gyönyörűséggel
és édes ízzel teljes. (Bölcs 16,20)
<br><i>vagy </i><br>
Én vagyok az élet kenyere – mondja az Úr.
Aki hozzám jön, többé nem éhezik,
és aki bennem hisz, nem szomjazik soha. (Jn 6,35)
","Urunk, Istenünk, mennyei eledellel tápláltad lelkünket.
Oltalmazz minket állandó pártfogásoddal,
hogy örök megváltásodra is méltók legyünk.
Krisztus, a mi Urunk által."
"25","Évközi 19. vasárnap","EVK19","Tekints, Uram, szövetségedre,
és szegényeidről ne feledkezzél el végleg.
Kelj fel, ó Isten, védd meg ügyedet,
és ne feledkezz meg a hozzád könyörgők szaváról. (Vö. Zsolt 73,20.19.22.23)","Mindenható örök Isten,
a Szentlélektől vezetve
bizalommal Atyánknak szólítunk téged.
Tökéletesítsd szívünkben a fogadott fiúság lelkületét,
hogy a megígért örökséget elnyerjük.
A mi Urunk, Jézus Krisztus, a te Fiad által,
aki veled él és uralkodik a Szentlélekkel egységben,
Isten mindörökkön örökké.","Urunk, Istenünk,
fogadd megengesztelődve Egyházad áldozati adományait.
Jóságodból te adtad azokat,
hogy felajánljuk neked,
és te változtatod át hatalmaddal
üdvözítő áldozatunkká.
Krisztus, a mi Urunk által.",,"Dicsérd, Jeruzsálem, az Urat,
aki jóllakat téged a búza javával. (Zsolt 147,12.14)
<br><i>Vagy </i><br>
A kenyér, amelyet (én) adok,
az én testem a világ életéért – mondja az Úr. (Vö. Jn 6,51[52])","Urunk, Istenünk,
a tőled kapott szentségi eledel vétele üdvözítsen minket,
és erősítsen meg,
hogy mindig igazságod fényében járjunk.
Krisztus, a mi Urunk által."
"26","Évközi 20. vasárnap","EVK20","Oltalmazó Istenünk, tekints le ránk
és nézz Fölkented arcára!
Mert jobb a te házadban egy nap,
mint máshol ezer. (Zsolt 83,10-11)","Istenünk, te mennyei kincseket készítettél azoknak,
akik szeretnek téged.
Adj szívünkbe irántad buzgó szeretetet,
hogy mindenben és mindennél jobban szeressünk,
és elnyerjük ígéreteidet,
amelyek minden vágyunkat felülmúlják.
A mi Urunk, Jézus Krisztus, a te Fiad által,
aki veled él és uralkodik a Szentlélekkel egységben,
Isten mindörökkön-örökké.","Urunk, Istenünk, fogadd el áldozati adományainkat,
amelyekben dicsőséges csere valósul meg számunkra:
 felajánljuk a tőled kapott földi ajándékokat,
és megnyerünk téged magadat.
Krisztus, a mi Urunk által.",,"Az Úrnál van az irgalom,
és bőséges a megváltás nála. (Zsolt 129,7)
<br><i>Vagy</i><br>
Így szól az Úr:
Én vagyok az élő kenyér,
amely a mennyből szállt alá – mondja az Úr:
ha valaki e kenyérből eszik, örökké él. (Jn 6,51-52)
","Irgalmas Urunk, Istenünk,
e szentségi eledel által Krisztust vettük magunkhoz.
Alázattal kérünk,
hogy mi, akiket Fiad képére alakítottál a földön,
dicsőségében is részesüljünk a mennyben.
Aki él és uralkodik mindörökkön örökké."
"27","Évközi 21. vasárnap","EVK21","Hajtsd hozzám Uram, füledet
és hallgass meg engem.
Mentsd meg, Istenem, szolgádat,
aki benned bízik.
Könyörülj rajtam, Uram;
mert egész nap hozzád kiáltok. (Vö. Zsolt 85,1-3)","Istenünk, a te kegyelmed ajándéka,
hogy híveid egy akarattal követnek téged.
Add népednek, hogy szeressük, amit parancsolsz,
vágyakozzunk arra, amit ígérsz,
és e világ változandóságai közepette
szívből ragaszkodjunk hozzád,
akiben megtaláljuk igazi örömünket.
A mi Urunk, Jézus Krisztus, a te Fiad által,
aki veled él és uralkodik a Szentlélekkel egységben,
Isten mindörökkön örökké.","Urunk, Istenünk, te Fiad egyetlen áldozatával
új választott népet szereztél magadnak.
Add meg irgalmasan Egyházadnak
az egység és a békesség ajándékát.
Krisztus, a mi Urunk által.",,"Alkotásod gyümölcsével táplálod a földet, Uram, kenyeret adsz a földből,
és bort, hogy vidámítsa az ember szívét. (Vö. Zsolt 103,13-15)
<br><i>vagy </i><br>
Aki eszi az én testemet és issza az én véremet,
annak örök élete van - mondja az Úr;
és feltámasztom őt az utolsó napon. (Jn 6,55)
","Urunk, Istenünk, szerető jóságod hozzon nekünk teljes gyógyulást.
Segíts kegyesen és támogass,
hogy mindenben tetszésedre éljünk.
Krisztus, a mi Urunk által."
"28","Évközi 22. vasárnap","EVK22","Könyörülj rajtam, Uram, 
mert egész nap hozzád kiáltok:
mert te, Uram, jóságos vagy és szelíd,
és nagy irgalmú azokhoz, 
akik segítségül hívnak téged. 
(Vö. Zsolt 85,3-5)","Erősség Istene, te vagy a legfőbb jó
és minden jónak forrása.
Önts szívünkbe irántad való szeretetet,
és a vallásos lelkületet növeld bennünk.
Kérünk, gyarapítsd és atyai gondviseléseddel
őrizd meg lelkünkben kegyelmi ajándékaidat.
A mi Urunk, Jézus Krisztus, a te Fiad által,
aki veled él és uralkodik a Szentlélekkel egységben,
Isten mindörökkön örökké.","Urunk, Istenünk, szerezzen nekünk mindig 
üdvösséges áldást ez az áldozati adomány,
hogy ami ebben a misztériumban történik,
annak ereje életté váljék bennünk.
Krisztus, a mi Urunk által.
",,"Milyen nagy a te jóságod, Uram,
melyet a téged félőknek tartogatsz. (Zsolt 30,20)
<br><i>Vagy </i><br>

Boldogok a békességszerzök,
mert Isten fiainak hívják majd őket.
Boldogok, akiket az igazság miatt üldöznek,
mert övék a mennyek országa. (Mt 5,9-10)","Mennyei asztalod kenyerével tápláltál minket Urunk, Istenünk.
Kérünk, a szeretetnek ez a tápláléka erősítse szívünket,
hogy testvéreinkben neked szolgáljunk.
Krisztus, a mi Urunk által."
"29","Évközi 23. vasárnap","EVK23","Igazságos vagy, Uram, és igaz a te ítéleted. 
Bánj szolgáddal irgalmad szerint!
(Zsolt 118,137.124)","Istenünk, te megváltottál
és gyermekeiddé fogadtál bennünket. 
Tekints jóságosan szeretett fiaidra, 
és vezess el minket, Krisztusban hívőket 
az igazi szabadságra és a mennyei dicsőségbe. 
A mi Urunk, Jézus Krisztus, a te Fiad által, 
aki veled él és uralkodik a Szentlélekkel egységben, 
Isten mindörökkön örökké.","Istenünk,
őszinte odaadás és békesség szerzője, 
add, hogy ezzel az áldozati adománnyal 
méltóképpen tiszteljük Fölségedet, 
s a szent áldozatban való részesedés 
forrassza eggyé szívünket.
Krisztus, a mi Urunk által.",,"Amint kívánkozik a szarvas a forrás vizére, 
úgy kívánkozik a lelkem utánad, Istenem. 
Istent szomjazza a lelkem, az élő Istent. (Vö. Zsolt 41,2-3)
<br><i>vagy</i><br>
			
Én vagyok a világ világossága - mondja az Úr. 
Aki követ, nem jár többé sötétségben, 
hanem övé lesz az élet világossága. (Jn 8,12)
","Istenünk, te igéddel élteted és szentségednek mennyei kenyerével
	táplálod híveidet.
Add, hogy szeretett Fiadnak ezek az ajándékai
erősítsenek minket,
és így életének mindig részeseivé legyünk.
Aki veled él és uralkodik mindörökkön örökké."
"30","Évközi 24. vasárnap","EVK24","Adj békét, Urunk, azoknak, akik benned bíznak,
hogy prófétáid igazmondóknak bizonyuljanak;
hallgasd meg szolgád, és a te néped,
Izrael könyörgését. (Vö. Sir 36,18)","Mindenség teremtő és gondviselő Istene,
tekints reánk és engedd éreznünk irgalmas jóságod,
hogy egész szívvel szolgáljunk neked.
A mi Urunk, Jézus Krisztus, a te Fiad által,
aki veled él és uralkodik a Szentlélekkel egységben,
Isten mindörökkön örökké.","Fogadd kegyesen könyörgéseinket, Urunk Istenünk,
és vedd szívesen híveid áldozati adományait,
hogy amit most neved dicsőségére 
egyenként felajánlottunk,
mindnyájunk üdvösségére váljék.
Krisztus, a mi Urunk által.",,"Milyen drága a te irgalmad, Isten!
Az emberek fiai szárnyad árnyékában
találnak menedéket. (Vö. Zsolt 35,8)

<br><i>Vagy</i><br>
Az áldás kelyhe, amelyet megáldunk,
Krisztus vérében részesít;
a kenyér pedig, amelyet megtörünk,
az Úr testébe kapcsol. (Vö. 1Kor 10,16)
","Mennyei ajándékod éltető ereje járja át 
lelkünket és testünket, Urunk, Istenünk,
hogy ne a mi ösztönös természetünk uralkodjék 
bennünk, hanem e szentség hatása 
irányítson minket mindenkor.
Krisztus, a mi Urunk által."
"31","Évközi 25. vasárnap","EVK25","Népem üdvössége én vagyok - mondja az Úr.
Bármilyen nyomorúságból kiáltsanak is hozzám,
meghallgatom őket, és Uruk leszek mindörökre.","Istenünk, te szent törvényedet az isten- és
emberszeretet parancsában foglaltad össze.
Add, hogy parancsaidat megtartva
eljussunk az örök életre.
A mi Urunk, Jézus Krisztus, a te Fiad által,
aki veled él és uralkodik a Szentlélekkel egységben,
Isten mindörökkön örökké.","Istenünk, fogadd kegyesen néped adományait,
hogy az üdvösséget, amelyet buzgó hittel vallunk,
a szent áldozat erejéből elnyerjük.
Krisztus, a mi Urunk által.",,"Te azt rendelted,
hogy gondosan megtartsuk parancsaidat.
Bár arra irányulnának útjaim,
hogy megtartsam rendelkezéseidet. (Zsolt 118,4-5)
<br><i>Vagy</i><br>
Én vagyok a jó Pásztor - mondja az Úr -,
ismerem enyéimet,
és enyéim is ismernek engem. (Jn 10,14)
","Szentségeiddel erősítesz minket, 
Urunk, Istenünk.
Támogass jóságosan állandó segítségeddel,
hogy megváltásunk kegyelmét ezekben
a misztériumokban,
és keresztény életünkben is elnyerjük.
Krisztus, a mi Urunk által."
"32","Évközi 26. vasárnap","EVK26","Mindazt, amit velünk tettél, Urunk,
igazságosan tetted,
mert vétkeztünk ellened és parancsaidnak
nem engedelmeskedtünk;
mégis dicsőítsd meg nevedet,
és tégy velünk nagy irgalmasságod szerint.
(Dán 3,31.29.30.43.42)","Istenünk, te leginkább azzal mutatod meg mindenhatóságodat,
hogy könyörületes és irgalmas vagy hozzánk.
Áraszd reánk szüntelenül kegyelmedet,
hogy teljes odaadással törekedjünk az örök boldogságra,
amelyet megígértél.
A mi Urunk, Jézus Krisztus, a te Fiad által,
aki veled él és uralkodik a Szentlélekkel egységben,
Isten mindörökkön örökké.","Add meg nekünk, irgalmas Istenünk, 
hogy ez az áldozat kedves legyen előtted,
és fakadjon belőle számunkra minden áldás forrása.
Krisztus, a mi Urunk által.",,"Emlékezzél meg szavadról, Uram
amit szolgádnak mondtál,
amellyel nekem reménységet adtál
megalázottságomban ez a vigaszom. (Vö. Zsolt 118,49-50)
<br><i>Vagy</i><br>
Isten szeretetét arról ismertük fel,
hogy Ő életét adta értünk.
Nekünk is életünket kell adnunk testvéreinkért. (1Jn 3,16)
","Urunk, Istenünk, szolgáljon ez a mennyei misztérium
testünk és lelkünk megújulására,
hogy az örök dicsőségben társörökösei legyünk Fiadnak,
akinek halálát hirdetjük és vele együtt szenvedünk.
Aki él és uralkodik mindörökkön örökké."
"33","Évközi 27. vasárnap","EVK27","Hatalmad alá tartozik, Uram, minden,
és nincs, aki akaratodnak ellenállhatna.
Te alkottad az eget és a földet,
és mindent, amit az ég határa magába foglal;
te vagy a mindenség Ura. (Vö. Eszt 4.17c-e)","Mindenható, örök Isten,
te mindig többet adsz nekünk,
mint amit megérdemlünk és kívánhatunk.
Áraszd ránk irgalmadat, bocsásd meg mindazt,
amivel lelkiismeretünk vádol.
És amit szinte már kérni sem merünk,
add meg túláradó atyai jóságodból.
A mi Urunk, Jézus Krisztus, a te Fiad által,
aki veled él és uralkodik a Szentlélekkel egységben,
Isten mindörökkön örökké.","Kérünk, Urunk, Istenünk, fogadd el 
rendelésed szerint bemutatott áldozatunkat, és a szent misztériumokkal,
amelyeket köteles szolgálatunkkal megünneplünk,
tedd teljessé megváltásunkat
és szentelj meg minket.
Krisztus, a mi Urunk által.",,"Jó az Úr azokhoz, akik benne remélnek,
a lélekhez, amely őt keresi. (Siral 3,25)

<br><i>Vagy</i><br>
Egy kenyér és egy test vagyunk mi sokan,
mindnyájan, akik egy kenyérben és egy kehelyben részesülünk. (Vö. 1Kor 10,17)
","Add meg, kérünk, mindenható Istenünk,
hogy tápláljon és lelkesítsen ez a magunkhoz vett szentség,
és alakítson minket szent Fiad képmására.
Krisztus, a mi Urunk által."
"34","Évközi 28. vasárnap","EVK28","Ha vétkeinket számon tartod, Uram,
Uram, ki az, aki előtted megállhat?
Ám nálad mindig kész a megbocsájtás,
Izrael Istene. (Zsolt 129,3-4)","Urunk, Istenünk, kegyelmed mindenkor 
indítson és kísérjen minket,
hogy figyelmünk szüntelenül a jótettekre irányuljon.
A mi Urunk, Jézus Krisztus, a te Fiad által,
aki veled él és uralkodik a Szentlélekkel egységben,
Isten mindörökkön örökké.","Urunk, Istenünk, fogadd el híveid könyörgéseit
és ezeket a felajánlott áldozati adományokat,
hogy odaadó szolgálatunk révén
a mennyei dicsőségbe jussunk.
Krisztus, a mi Urunk által.",,"A gazdagok nyomorba juthatnak és éhezhetnek; de az Urat keresők nem szenvednek hiányt
semmi jóban. (Vö. Zsolt 33,11)
<br><i>Vagy</i><br>
Amikor ismét megjelenik az Úr,
hasonlók leszünk hozzá,
mert úgy látjuk majd őt, amint van. (1Jn 3,2)
","Kérve kérjük Fölségedet, Urunk, Istenünk,
hogy amint Fiad szent Testével és Vérével táplálsz,
tégy minket az isteni élet részesévé.
Krisztus, a mi Urunk által."
"35","Évközi 29. vasárnap","EVK29","Hozzád kiáltok, mert te meghallgatsz, Istenem,
hajtsd hozzám füledet, hallgasd meg szavam!
Óvj engem, Uram, mint szemed fényét,
szárnyad árnyékában oltalmazz engem! (Vö. Zsolt 16,6.8)","Mindenható, örök Isten,
add, hogy mindenkor őszinte szívvel 
és készséges akarattal szolgáljunk Fölségednek.
A mi Urunk, Jézus Krisztus, a te Fiad által,
aki veled él és uralkodik a Szentlélekkel egységben,
Isten mindörökkön örökké.","Kérünk, Urunk, Istenünk, add, hogy ajándékaidat
készséges szolgálattal hozzuk eléd.
Kegyelmed segítségével
tisztítson meg minket ez az áldozat,
amelyet bemutatunk neked.
Krisztus, a mi Urunk által.",,"íme, az Úr szeme azokon, akik őt félik, 
és azokon, akik az ő irgalmasságában bíznak; 
megmenti lelküket a haláltól, 
és táplálja őket ínség idején. (Vö. Zsolt 32,18-19)
<br><i>Vagy</i><br>
Az Emberfia azért jött,
hogy életét adja váltságul sokakért. (Mk 10,45)
","Kérünk, Urunk, Istenünk, gazdagíts bennünket
mennyei ajándékod gyakori vételével,
hogy a mulandó javak segítsenek,
az örök javak pedig tökéletesítsenek minket.
Krisztus, a mi Urunk által."
"36","Évközi 30. vasárnap","EVK30","Az Urat kereső szívek örvendezzenek!
Keressétek az Urat és erőre kaptok,
keressétek arcát szüntelen!
(Vö. Zsolt 104,3-4)","Mindenható, örök Isten,
növeld bennünk a hitet, a reményt és a szeretetet.
Add, hogy szeressük, amit parancsolsz,
és segíts, hogy elnyerjük, amit ígérsz.
A mi Urunk, Jézus Krisztus, a te Fiad által,
aki veled él és uralkodik a Szentlélekkel egységben,
Isten mindörökkön örökké.
","Kérünk, Urunk, Istenünk,
fogadd szívesen áldozati adományainkat,
amelyeket Fölségednek felajánlunk,
hogy szolgálatunk egyre nagyobb dicsőségedre váljék.
Krisztus, a mi Urunk által.",,"Vigadjunk szabadításodban,
és Istenünk nevében a mi dicsőségünk. 
(Vö. Zsolt 19,6)

<br><i>vagy</i><br>
Krisztus szeretett minket,
és odaadta magát értünk 
jó illatú áldozati adományként az Istennek. 
(Ef 5,2)
","Kérünk, Urunk, Istenünk,
működjék hatékonyan bennünk a szentáldozás kegyelme,
hogy amit most a szent színek alatt magunkhoz vettünk,
azt a maga teljes valóságában is elnyerjük.
Krisztus, a mi Urunk által."
"37","Évközi 31. vasárnap","EVK31","Ne hagyj el engem, én Uram, Istenem,
ne távozz el tőlem; siess segítségemre,
Uram, üdvösségem ereje!
(Vö. Zsolt 37,22-23)","Mindenható, irgalmas Isten,
a te kegyelmed műve,
hogy híveid méltóképpen és tetszésed szerint szolgálnak neked.
Add, kérünk, hogy minden akadályt legyőzve
elnyerjük a megígért boldogságot.
A mi Urunk, Jézus Krisztus, a te Fiad által,
aki veled él és uralkodik a Szentlélekkel egységben,
Isten mindörökkön örökké.","Urunk, Istenünk,
legyen kedves előtted ez a tiszta áldozat,
és árassza ránk bőven szent irgalmadat.
Krisztus, a mi Urunk által.",,"Az élet útját mutatod nekem,
az öröm teljességét színed előtt, Uram.(Vö. Zsolt 15,11)

<br><i>Vagy</i><br>
Amint engem az élő Atya küldött,
és az Atya által élek,
úgy aki engem eszik, az általam él - mondja az Úr.
(Jn 6,58)
","Kérünk, Urunk, Istenünk,
növekedjen bennünk
egyre hatékonyabban kegyelmed,
és a mennyei szentség ereje
jóságodból tegyen alkalmassá arra,
hogy elnyerjük ígéreteidet.
Krisztus, a mi Urunk által."
"38","Évközi 32. vasárnap","EVK32","Imádságom jusson színed elé, Uram,
hajtsd füledet kérésemre! 
(Vö. Zsolt 87,3)","Mindenható, irgalmas Isten,
kegyelmeddel tarts távol tőlünk minden rosszat.
Add, hogy minden testi-lelki erőnkkel szolgálatodra álljunk,
és készségesen teljesítsük szent akaratodat.
A mi Urunk, Jézus Krisztus, a te Fiad által,
aki veled él és uralkodik a Szentlélekkel egységben,
Isten mindörökkön örökké.","Kérünk, Urunk, Istenünk,
tekints megengesztelődve erre az áldozatra,
hogy amit Fiad szenvedésére emlékezve ünneplünk,
azt szívünk odaadásával elérjük.
Krisztus, a mi Urunk által.",,"Az Úr az én pásztorom, nincs is semmiben hiányom:
zöldellő mezőkön terelget engem,
csöndes folyóvizek mellett nevelt föl engem!
(Vö. Zsolt 22,1-2)

<br><i>Vagy</i><br>
A tanítványok felismerték az Úr Jézust a kenyértöréskor. 
(Vö. Lk 24,35)
","Hálát adunk, Urunk, Istenünk,
hogy szent ajándékoddal tápláltál minket.
Kérjük, hogy Szentlelked kiáradása által
maradjon meg az igazlelkűség kegyelme mindazokban,
akikben mennyei erőd működni kezdett.
Krisztus, a mi Urunk által."
"39","Évközi 33. vasárnap","EVK33","így szól az Úr:
Az én gondolatom a békesség gondolata
és nem a nyomorúságé;
hívjatok engem, és meghallgatlak titeket,
és hazavezetlek fogságotokból, bárhol is éltek.
(Jer 29,11.12.14)","Urunk, Istenünk,
add, hogy örvendezve mindig neked éljünk,
mert soha meg nem fogyatkozó és teljes öröm az,
ha szüntelenül szolgálhatunk neked,
minden javak szerzőjének.
A mi Urunk, Jézus Krisztus, a te Fiad által,
aki veled él és uralkodik a Szentlélekkel egységben,
Isten mindörökkön örökké.","Kérünk, Urunk, Istenünk,
hogy a Fölségednek bemutatott áldozati adomány
szerezze meg nekünk a szívbéli odaadás kegyelmét,
és vezessen el az örök életre.
Krisztus, a mi Urunk által.",,"Jó nekem az Istenhez ragaszkodnom:
az Úristenbe helyezni reményemet.
(Zsolt 72,28)
<br><i>Vagy</i><br>
Bizony mondom nektek,
hogy mindazt, amit imádkozva kértek,
higgyétek, hogy megkapjátok,
és akkor valóban teljesül kérésetek - mondja az Úr.
(Mk 11,23.24)
","Urunk, Istenünk, magunkhoz vettük a szent áldozat ajándékait.
Alázattal kérünk, hogy amit szent Fiad
az ő emlékezetére cselekednünk rendelt,
növelje szeretetünket.
Krisztus, a mi Urunk által."
"40","Évközi 34. vasárnap – Krisztus Király","EVK34","Misekönyv 408. oldal<br>
Méltó a Bárány, akit megöltek,
hogy övé legyen a hatalom, az isteni méltóság,
a bölcsesség, az erő és a tisztelet.
Övé a dicsőség és a hatalom örökkön örökké! (Jel 5,12;1,6)","Mindenható Istenünk, te öröktől fogva úgy határoztál,
hogy szeretett Fiadban, a mindenség Királyában
megújítasz mindent.
Add, hogy az egész teremtett világ
megszabaduljon a bűn szolgaságától,
Fölségednek hódoljon,
és szüntelenül dicsőítsen téged.
A mi Urunk, Jézus Krisztus, a te Fiad által,
aki veled él és uralkodik a Szentlélekkel egységben,
Isten mindörökkön örökké.","Urunk, Istenünk,
felajánljuk neked ezt az engesztelő áldozatot,
és könyörögve kérünk,
hogy az egység és a béke ajándékát 
adja meg minden népnek szent Fiad.
Aki él és uralkodik mindörökkön örökké.","<i>Krisztus Királyról</i>, Misekönyv 409. oldal<br>
Az Úr legyen veletek.<br>
  H.: És a te lelkeddel.<br>
Emeljük föl szívünket.<br>
  H.: Fölemeltük az Úrhoz.<br>
Adjunk hálát Urunknak, Istenünknek.<br>
  H.: Méltó és igazságos.<br>
<br>
(Mert) Valóban méltó és igazságos, illő és üdvös,
hogy mindig és mindenütt hálát adjunk néked,
–  mi Urunk, szentséges ATyánk,
mindenható, örök Isten:
<br>
Te egyszülött Fiadat, a mi Urunkat, Jézus Krisztust
az öröm olajával örök főpappá 
és a mindenség királyává kented,
–  hogy a kereszt oltárán tökéletes engesztelő 
áldozatul felajánlja Önmagát,
és véghezvigye az emberek megváltásának szent művét.
<br>
(És) Miután hatalma alá vetett minden teremtményt,
–  az örök és egyetemes Országot
mérhetetlen fölségednek átadja:
az ő országa igazság és élet,
kegyelem és szentség,
igazságosság, szeretet és béke.
<br>
(És) Ezért mi is, miként az angyalok és főangyalok,
a trónod körül álló hatalmas égi szellemek,
és minden seregek a mennyben,
a te dicsőséged himnuszát zengjük,
–  és velük EGyütt
vég nélkül mondjuk (énekeljük:)<br>
Szent vagy, szent vagy, szent vagy, ...","Az Úr királyként trónol mindörökké;
az Úr békével áldja meg népét. 
(Zsolt 28,10-11)","A halhatatlanság eledelét magunkhoz véve,
kérünk, Urunk Istenünk,
hogy mi, akik dicsőségünknek tartjuk azt,
hogy Krisztust, a mindenség Királyát szolgáljuk,
a mennyek országában örökre vele éljünk.
Aki él és uralkodik mindörökkön örökké."
"41","Nagyböjt 1. vasárnap","NAB01","Misekönyv 168. oldal<br>
Ha hozzám kiált, én meghallgatom;
megmentem és megdicsőítem,
betöltőm őt napok hosszú sorával. 
(Vö. Zsolt 90,15-16)","Add meg nekünk, mindenható Istenünk,
hogy a nagyböjti szent időszak
évente visszatérő gyakorlatai által
eljuthassunk Krisztus titkainak megértésére,
és méltó keresztény élettel igazodjunk hozzá.
A mi Urunk, Jézus Krisztus, a te Fiad által, 
aki veled él és uralkodik a Szentlélekkel egységben,
Isten mindörökkön örökké.","Urunk, Istenünk,
tégy méltóvá minket az áldozati adományok felajánlására,
amelyekkel az áldott nagyböjti időszak kezdetét ünnepeljük.
Krisztus, a mi Urunk által.","<i>Krisztus megkísértéséről</i> Misekönyv 168. oldal<br>
Az Úr legyen veletek.<br>   
H.: És a te lelkeddel.<br>
Emeljük föl szívünket.<br>   
H.: Fölemeltük az Úrhoz.<br>
Adjunk hálát Urunknak, Istenünknek.<br>   
H.: Méltó és igazságos.<br>

(Mert) Valóban méltó és igazságos, illő és üdvös,
hogy mindig és mindenütt hálát adjunk néked,
mi Urunk, szentséges Atyánk, mindenható örök Isten:
– Krisztus, a mi Urunk által.
<br>
(Ő) Amikor negyven napon át a földi tápláléktól megtartóztatta magát,
 –  megszentelte böjtjével
az önfegyelmezésnek ezt a módját.<br>
A sátán minden cselvetését legyőzve megtanított arra,
hogy ellenálljunk a romlás kovászának, 
–  így méltó lélekkel ünnepeljük 
a húsvét szent titkát,
és az örök húsvétra is eljussunk.<br>
Mi ezért az angyalok és szentek kórusával együtt,
–  dicséreted himnuszát zengjük,
és vég nélkül mondjuk (énekeljük):","Nem csak kenyérrel él az ember,
hanem minden igével,
amely Isten ajkáról származik!
(Mt 4,4)
<br>
<i>Vagy</i><br>
Szárnyaival beárnyékoz téged az Úr,
és tollai alatt menedékre találsz. 
(Vö. Zsolt 90,4)","Istenünk, te mennyei kenyérrel tápláltál minket,
amely élteti a hitet, megszilárdítja a reményt
és erősíti a szeretetet.
Kérünk, taníts meg bennünket éhezni
az igazi és élő Kenyérre, és add,
hogy élni tudjunk minden igéből,
amely ajkadról származik.
Krisztus, a mi Urunk által.

<br><br>
Könyörgés a népért:
<br>
Kérünk, Istenünk,
szálljon a te népedre bőséges áldásod,
hogy reménye a szorongatás idején növekedjék,
erénye a kísértés idején erősödjék,
és így részese legyen örök megváltásodnak.
Krisztus, a mi Urunk által."
"42","Nagyböjt 2. vasárnap","NAB02","Neked mondta a szívem: „a te arcodat keresem, vágyakozom a te arcod után, Uram.”
Ne fordítsd el arcodat tőlem!
(Vö. Zsolt 26,8-9)
<br><i>Vagy</i><br>
Emlékezzél meg, Urunk, könyörületedről
és irgalmasságodról, mely öröktől való!
Ne uralkodjanak ellenségeink fölöttünk;
szabadíts meg, Izrael Istene,
minden szorongattatásunkból! 
(Vö. Zsolt 24.6.3.22)","Istenünk, te megparancsoltad nekünk, 
hogy szeretett Fiadra hallgassunk.
Kérünk, tápláld lelkünket szent igéddel,
hogy lelki örömmel szemlélhessük dicsőségedet!
A mi Urunk, Jézus Krisztus, a te Fiad által,
aki veled él és uralkodik a Szentlélekkel egységben,
Isten mindörökkön örökké.","Kérünk, Istenünk,
ez az áldozat tisztítson meg vétkeinktől,
szentelje meg szolgáid testét és lelkét,
hogy méltó módon üljük meg húsvét ünnepét.
Krisztus, a mi Urunk által.","<i>az Úr színeváltozásáról </i> - Misekönyv 176. oldal<br>
Az Úr legyen veletek.<br>
  H.: És a te lelkeddel.<br>
Emeljük föl szívünket.<br>
  H.: Fölemeltük az Úrhoz.<br>
Adjunk hálát Urunknak, Istenünknek.<br>
  H.: Méltó és igazságos.<br>
(Mert) Valóban méltó és igazságos, illő és üdvös,
hogy mindig és mindenütt hálát adjunk néked,
mi Urunk, szentséges Atyánk, mindenható örök Isten:
– Krisztus, a mi Urunk által.
<br>
Ő tanítványainak saját halálát előre megmondta,
– a szent hegyen megmutatta nékik
dicsőségének fényét.<br>
Így világossá tette számunkra, amit a törvény és a próféták tanúsága hirdet,
hogy szenvedésére a feltámadás örök fénye virrad.
<br>
(És) Ezért a mennyei hatalmas angyalokkal együtt
a földön mi is szüntelenül magasztalunk téged,
– fölségedet dicsérjük,
és hangos szóval vég nélkül mondjuk (zengjük):","Ez az én szeretett Fiam, akiben kedvem telik, őt hallgassátok! 
(Mt 17,5)","Dicsőséges szent titkokat magunkhoz véve,
hálát adunk neked, Urunk, mert már itt a földön
mennyei ajándékaidban részesítesz minket.
Krisztus, a mi Urunk által.
<br><br>
Könyörgés a népért:<br>
Istenünk, örök áldással áldd meg híveidet,
és segítsd úgy ragaszkodni
Egyszülötted evangéliumához,
hogy arra a dicsőségre vágyakozzanak,
amelyet apostolainak megmutatott,
és oda el is jussanak.
Krisztus, a mi Urunk által."
"43","Nagyböjt 3. vasárnap","NAB03","Szemeim mindenkor az Úrra néznek,
mert ő vonja ki lábam a csapdából.
Tekints reám és könyörülj rajtam,
mert elhagyatott és szegény vagyok.
(Vö. Zsolt 24,15-16)
<br><i>Vagy</i><br>
Midőn megmutatom majd szentségemet köztetek,
összegyűjtelek benneteket az egész földről;
tiszta vizet hintek rátok,
és megtisztítalak minden szennytől:
új lelket adok nektek - mondja az Úr.
(Vö. Ez 36,23-26)","Istenünk, minden irgalom és jóság forrása, 
te a böjt, az imádság és az irgalmas szeretet 
gyakorlása által gyógyulást adsz bűneinkre.
Nézd jóságosan őszinte bűnbánatunkat,
és amikor vétkeinket beismerve meghajlunk előtted,
emelj föl minket szüntelen irgalmaddal.
A mi Urunk, Jézus Krisztus, a te Fiad által,
aki veled él és uralkodik a Szentlélekkel egységben,
Isten mindörökkön örökké.","Urunk, Istenünk, 
engeszteljen meg ez az áldozat.
Hallgasd meg imádságunkat,
amikor bűneinkért bocsánatodat kérjük,
és add, hogy mi is szívből megbocsássunk embertársainknak.
Krisztus, a mi Urunk által.","<i>A szamariai asszonyról</i> - Misekönyv 185. oldal<br>
Az Úr legyen veletek.<br>
  H.: És a te lelkeddel.<br>
Emeljük föl szívünket.<br>
  H.: Fölemeltük az Úrhoz.<br>
Adjunk hálát Urunknak, Istenünknek.<br>
  H.: Méltó és igazságos.<br>
(Mert) Valóban méltó és igazságos, illő és üdvös,
hogy mindig és mindenütt hálát adjunk néked,
mi Urunk, szentséges Atyánk, mindenható örök Isten:
Krisztus, a mi Urunk által.
<br>
Ő miközben vizet kért a szamariai asszonytól
a hit ajándékát nyújtotta néki,
–  az asszony hitére szomjazott,
hogy az istenszeretet tüzét lángra gyújtsa benne.
<br>
Így mi is hálát adunk néked,
–  hatalmas tetteidet hirdetjük,
s az angyalokhoz társulva mondjuk (zengjük):","<i>Amikor a szamariai asszonyról szóló Evangéliumot olvastuk</i><br>
Aki abból a vízből iszik,
amelyet én adok neki - mondja az Úr -,
abban örök életre szökellő vízforrás fakad.
(Jn 4,13-14)
<br>
<i>Amikor más Evangéliumot olvasunk</i><br>
A veréb is otthont talál magának,
és fészket a gerle, ahová fiait helyezze:
a te oltárodnál, seregek Ura,
én Királyom és Istenem!
Boldogok, akik házadban laknak,
és téged örökké magasztalnak.
(Vö. Zsolt 83,4-5)","Urunk, Istenünk, üdvösségünk zálogát vettük magunkhoz,
amikor itt a földön mennyei kenyérrel tápláltál minket.
Alázattal kérünk: mutatkozzék meg tetteinkben is,
hogy e szentségben veled találkoztunk.
Krisztus, a mi Urunk által.
<br><br>
Könyörgés a népért:<br>
Istenünk, vezéreld híveid szívét,
és add meg szolgáidnak azt a kegyelmet,
hogy a szeretet kettős parancsát megtartva
mindenben teljesítsék törvényedet.
Krisztus, a mi Urunk által."
"44","Nagyböjt 4. vasárnapja","NAB04","Vigadozzál, Jeruzsálem,
és gyűljetek egybe mind, akik szeretitek őt,
örvendjetek vigassággal, akik bánkódtatok,
hogy ujjongjatok és elteljetek vigasztalásának tejével. 
(Vö. Iz 66,10-11)","Istenünk, te szent Fiad által csodálatos módon 
magadhoz békítetted az emberiséget.
Engedd, kérünk, hogy keresztény néped 
készséges önátadással és élő hittel készüljön 
a közelgő ünnepekre.
A mi Urunk, Jézus Krisztus, a te Fiad által,
aki veled él és uralkodik a Szentlélekkel egységben,
Isten mindörökkön örökké.","Örömmel ajánljuk fel neked, Istenünk,
áldozatunkat, hogy az örök élet kenyere legyen belőle.
Kérve kérünk, segíts, hogy hívő tisztelettel vegyük körül,
és méltóképpen mutassuk be a világ üdvösségére.
Krisztus, a mi Urunk által.","<i>A vakon születettről</i> - Misekönyv 194. oldal<br>

Az Úr legyen veletek.<br>
  H.: És a te lelkeddel.<br>
Emeljük föl szívünket.<br>
  H.: Fölemeltük az Úrhoz.<br>
Adjunk hálát Urunknak, Istenünknek.<br>
  H.: Méltó és igazságos.<br>

(Mert) Valóban méltó és igazságos, illő és üdvös,
hogy mindig és mindenütt hálát adjunk néked,
mi Urunk, szentséges Atyánk, mindenható örök Isten:
Krisztus, a mi Urunk által.
<br>
 
Az emberiség a sötétben tévelygett,
de ő a hit világosságára vezette 
megtestesülésének titka által,
és akiket az ősbűn születésüktől szolgaságra vetett,
–  a keresztvíz által
Isten gyermekeivé fogadta.
<br>
Az ég és a föld ezért énekli néked az imádás új énekét,
és mi is, az angyalok seregével együtt
–  hangos szóval hirdetjük
és vég nélkül mondjuk (zengjük):","<i>A vakon született evangéliuma után</i><br>
Az Úr megkente szememet:
elmentem, megmosdottam, látni kezdtem,
és hittem az Istenben.
(Vö. Jn 9,11,38)
<br>
<br><i>A tékozló fiú evangéliuma után</i><br>
Örülnöd kell, fiam, 
mert testvéred halott volt, és életre kelt,
elveszett és hazakerült. 
(Lk 15,32)
<br>
<br><i>Más evangélium esetén</i><br>
Jeruzsálem jól megépült város,
egybeillik annak minden része.
Oda járnak fel a törzsek, az Úr törzsei,
hogy hálát adjanak nevednek, Urunk!
(Vö. Zsolt 121,3-4)","Istenünk, te megvilágosítasz minden embert,
aki a világra születik.
Kérünk, ragyogja be szívünket kegyelmed fénye,
hogy mindig úgy gondolkodjunk, 
ahogy hozzád méltó, fölségednek kedves,
és őszinte szívvel szeressünk téged.
Krisztus, a mi Urunk által.
<br><br>
Könyörgés a népért:<br>
Védelmezd, Urunk, a hozzád kiáltókat,
támogasd a gyengéket,
a halál árnyékában járókat éltesd fényeddel,
és azokat, akiket a bajokból szelíden kimentettél,
engedd, eljutni égi javaid birtoklására.
Krisztus, a mi Urunk által."
"45","Nagyböjt 5. vasárnap","NAB05","Szolgáltass nekem igazságot, Istenem,
az istentelen néppel szemben védelmezd ügyemet,
ments meg a gonosz és álnok embertől,
mert te vagy Istenem és erősségem.
(Vö. Zsolt 42,1-2)
","Urunk, Istenünk, segíts minket, hogy életutunkat
azzal az odaadó szeretettel járjuk,
amellyel Fiad szerette a világot,
és halálra adta értünk önmagát.
A mi Urunk, Jézus Krisztus, a te Fiad által,
aki veled él és uralkodik a Szentlélekkel egységben,
Isten mindörökkön örökké.","Hallgass meg minket, mindenható Istenünk,
és add, hogy híveidet tisztítsa meg
ennek az áldozatnak az ereje,
miután a keresztény hit tanításában részesültek.
Krisztus, a mi Urunk által.","<i>Lázár feltámasztásáról</i> - Misekönyv 202. oldal<br>
Az Úr legyen veletek.<br>
  H.: És a te lelkeddel.<br>
Emeljük föl szívünket.<br>
  H.: Fölemeltük az Úrhoz.<br>
Adjunk hálát Urunknak, Istenünknek,<br>
  H.: Méltó és igazságos.<br>
 
(Mert) Valóban méltó és igazságos, illő és üdvös,
hogy mindig és mindenütt hálát adjunk néked,
mi Urunk, szentséges Atyánk, mindenható örök Isten:
Krisztus, a mi Urunk által.
<br>
(Ő) Mint valóságos ember, megsiratta barátját, Lázárt,
–  mint örök Isten
feltámasztotta őt a sírból.
<br>
Az egész emberiséget is megszánta
–  és húsvéti szentségei által,
új életre támasztott minket.
<br>
A te Fölségedet általa imádják az angyalok,
kik szünet nélkül örvendeznek színed előtt.
<br>
Add, kérünk, hogy az ő szavukkal a miénk is eljusson hozzád,
– és velük együtt
ujjongva mondjuk (zengjük):
<br><br>
<i>Ha nem a Lázárról szóló evangéliumot olvastuk, a nagyböjti
prefációk egyikét kell venni, 434-437. o.</i>","<i>Lázár feltámasztásának evangéliuma után</i><br>
Mindaz, aki úgy él, hogy hisz bennem,
nem hal meg örökre - mondja az Úr.
(Vö. Jn 11,26)
<br>
<br><i>Ha az evangélium a házasságtörö asszonyról szólt</i><br>
– Asszony, senki sem ítélt el téged? – 
Senki sem, Uram.
– Én sem ítéllek el: menj, többé már ne vétkezzél!
(Jn 8,10-11)
<br><br><i>Más evangélium után</i><br>
Bizony, bizony, mondom nektek:
ha a földbe hullott búzaszem el nem hal,
egymaga marad, de ha elhal, sok termést hoz! 
(Jn 12,24-25)","Kérünk, mindenható Istenünk, add, 
hogy mindig élő tagjai maradjunk szent Fiadnak,
akinek testét és vérét magunkhoz vettük.
Aki él és uralkodik mindörökkön örökké.
<br><br>
Könyörgés a népért:<br>
Áldd meg, Urunk, Istenünk
irgalmasságod ajándékát váró népedet.
Add meg, hogy amit ösztönzésedre kíván,
bőkezűségedből meg is kapja.
Krisztus, a mi Urunk által."
"46","Virágvasárnap - ünnepi mise","NAB06","Hat nappal Húsvét előtt,
amikor az Úr Jeruzsálembe érkezett,
gyermekek jöttek elébe:
kezükben pálmaágakat hoztak,
és hangosan kiáltozták:
Hozsanna a magasságban! Áldott vagy,
aki irgalmadnak bőségévé! érkezel!
(Vö.Jn 12,1.12-13)
<br><i>vagy</i><br>
Emeljétek föl fejeteket, kapuk,
táruljatok fel, örök kapuk,
hadd vonuljon be a dicsőség királya!<br>
Ki az a dicsőség királya?
A Seregek Ura, ő a dicsőség Királya!
Hozsanna a magasságban! Áldott vagy,
aki irgalmadnak bőségévé! érkezel!
(Zsolt 23,9-10)","Mindenható, örök Isten,
Üdvözítőnk példát adott nekünk
az alázatosságra, amikor szent akaratodból
emberi testet öltött és vállalta a kereszthalált. 
Segíts jóságosan, hogy kínszenvedésének tanítását
megértsük, és társai lehessünk feltámadásában. 
Aki veled él és uralkodik a Szentlélekkel egységben, Isten mindörökkön örökké.","Urunk, Istenünk, egyszülött Fiad szenvedése 
engeszteljen ki téged irántunk,
és amit cselekedeteinkkel nem tudunk kiérdemelni,
ennek a végtelen értékű áldozatnak érdeméből
adja meg nekünk a te irgalmad.
Krisztus, a mi Urunk által.","<i>Saját</i> - Misekönyv 222. oldal, Ünnepélyes dallammal, 1062. oldal<br>
Az Úr legyen veletek.<br>
   H.: És a te lelkeddel.<br>
Emeljük föl szívünket.<br>
   H.: Fölemeltük az Úrhoz.<br>
Adjunk hálát Urunknak, Istenünknek.<br>
   H.: Méltó és igazságos.<br>
(Mert) Valóban méltó és igazságos, illő és üdvös,
hogy mindig és mindenütt hálát adjunk néked,
mi Urunk, szentséges Atyánk, mindenható örök Isten:
– Krisztus, a mi Urunk által.
<br>
Bár őmaga semmit sem vétett,
az ítélet ártatlanul érte,
–  a bűnösökért mégis
szenvedést vállalt.
<br>
Az ő halála bűneinket elvette,
feltámadása megigazulást adott nekünk.
<br>
Az ő dicsőségét vallja ég és föld, vallják az angyalok és főangyalok,
–  hangos szóval hirdetik,
és vég nélkül mondják (zengik):","Atyám, ha nem lehet,
hogy elmúljon ez a kehely anélkül, hogy kiigyam, legyen meg a te akaratod. 
(Mt 26,42)","Mennyei eledellel tápláltál minket,
Urunk, Istenünk.
Könyörögve kérünk, hogy akik szent Fiad halálából
már biztosan remélhetjük azt, amiben hiszünk,
feltámadásának erejéből eljuthassunk oda,
ahová törekszünk.
Krisztus, a mi Urunk által.
<br><br>
Könyörgés a népért:<br>
Kérünk, Urunk, Istenünk, 
tekints a te családodra, 
melyért a mi Urunk, Jézus Krisztus 
tétovázás nélkül a bűnösök kezére adta magát 
és vállalta a kereszthalál gyötrelmét.
Aki veled él és uralkodik mindörökkön örökké."
"47","Húsvétvasárnap","HUS01","Feltámadtam, és veled vagyok, alleluja!
Kezedet rajtam nyugtatod, alleluja!
Csodálatos a te tudásod, alleluja, alleluja! 
(Vö. Zsolt 138,18.5-6)
<br>
<i>Vagy</i><br>
Valóban feltámadt az Úr, alleluja!
Övé a dicsőség és a hatalom örökkön örökké
alleluja, alleluja! 
(Lk 24,34; vö. Jel 1,6)
","Istenünk,
a mai napon egyszülött Fiad által legyőzted a halált,
és kitártad előttünk az örökkévalóság kapuját.
Krisztus Urunk feltámadását ünnepelve kérünk,
teremts újjá minket Szentlelked erejével,
hogy új életre támadjunk.
A mi Urunk, Jézus Krisztus, a te Fiad által,
aki veled él és uralkodik a Szentlélekkel egységben,
Isten mindörökkön örökké.","Urunk, Istenünk, ujjongó hüsvéti örömmel
ajánljuk fel áldozatunkat,
amely által Egyházad csodálatosan üjjászületik
és növekszik.
Krisztus, a mi Urunk által. ","<i>I. Húsvéti prefáció (különösen ezen a szent napon)</i> - Misekönyv 440. oldal, 
ünnepélyes dallammal, 1066. oldal<br>
<br>
Az Úr legyen veletek.<br>
H.: És a te lelkeddel.<br>
Emeljük föl szívünket.<br>
H.: Fölemeltük az Úrhoz.<br>
Adjunk hálát Urunknak, Istenünknek.<br>
H.: Méltó és igazságos.<br>

(Mert) Valóban méltó és igazságos, illő és üdvös,
hogy minden időben magasztaljunk, Urunk, téged,
de különösen ezen a szent ünnepen,
–    midőn áldozattá lett értünk Krisztus,
  a Húsvéti Bárány.
<br>
Mert ő az igazi Bárány, aki elvette a világ bűneit,
–    halálunkat halálával megtörte,
  és feltámadásával új életet szerzett nékünk.
<br>
A húsvéti öröm ezért kiárad az egész földre,
a nagyvilág örvendezve ujjong,
a mennyei erők és a hatalmas angyalok,
–  (a te) dicsőséged himnuszát zengik,
  és vég nélkül mondják (éneklik):","Hüsvéti Bárányunk, Krisztus, feláldoztatott, alleluja
üljünk tehát ünnepet a tisztaság és az igazság kovásztalan kenyerével, alleluja, alleluja! 
(1Kor 5,7-8)
","Istenünk, örök jóságoddal 
oltalmazd Egyházadat,
hogy húsvét szent titkának ünneplése 
által megújulva
eljusson a dicsőséges feltámadásra.
Krisztus, a mi Urunk által."
"48","Húsvét 2. vasárnapja, az Isteni Irgalmasság vasárnapja","HUS02","Mint a most született kisdedek,
hamisítatlan, szellemi tej után vágyakozzatok,
hogy általa növekedjetek az üdvösségre,
alleluja!
(1Pét 2,2)
<br>
<i>vagy</i><br>
Örüljetek dicsőségeteknek, 
adjatok hálát Istennek,
aki meghívott titeket 
a mennyek országába, alleluja! 
(4Ezdr 2,36-37)","Örökké irgalmas Istenünk, 
te lángra lobbantod 
a neked szentelt nép hitét, 
amikor évről évre visszatér húsvét ünnepe. 
Növeld kegyelmedet, amelyet megadtál nekünk.
Add, hogy méltóképpen megértsük,
milyen vízben tisztultunk
milyen Lélekből születtünk újjá,
és kinek a Vére szerzett nekünk megváltást. 
A mi Urunk, Jézus Krisztus, a te Fiad által,
aki veled él és uralkodik a SzentléZe&kel egységben,
Isten mindörökkön örökké.","Urunk, Istenünk, fogadd kegyesen néped 
(és az újonnan megkereszteltek) 
áldozati adományait,
hogy neved megvallásában 
és a keresztségben újjászületve
eljussunk az örök boldogságra.
Krisztus, a mi Urunk által.","<i>I. Húsvéti prefáció (különösen ezen a szent napon)</i> - Misekönyv 440. oldal, ünnepélyes dallammal, 1066. oldal<br>
<br>
Az Úr legyen veletek.<br>
H.: És a te lelkeddel.<br>
Emeljük föl szívünket.<br>
H.: Fölemeltük az Úrhoz.<br>
Adjunk hálát Urunknak, Istenünknek.<br>
H.: Méltó és igazságos.<br>

(Mert) Valóban méltó és igazságos, illő és üdvös,
hogy minden időben magasztaljunk, Urunk, téged,
de különösen ezen a szent ünnepen,
–    midőn áldozattá lett értünk KRISZtus,
  a Húsvéti Bárány.
<br>
Mert ő az igazi Bárány, aki elvette a világ bűneit,
–    halálunkat halálával MEGtörte,
  és feltámadásával új életet szerzett nékünk.
<br>
A húsvéti öröm ezért kiárad az egész földre,
a nagyvilág örvendezve ujjong,
a mennyei erők és a hatalmas angyalok,
–  (a te) dicsőséged himnuszát ZENgik,
  és vég nélkül mondják (éneklik):","Nyújtsd ki kezedet, érintsd meg a szegek helyét,
és ne légy hitetlen, hanem hívő, alleluja!
(Vö. Jn 20,27)","Kérünk, mindenható Istenünk,
hogy a magunkhoz vett húsvéti szentség ereje 
szüntelenül megmaradjon lelkünkben.
Krisztus, a mi Urunk által."
"49","Húsvét 3. vasárnapja","HUS03","Ujjongjatok Istennek, minden földek,
mondjatok nevének éneket,
dicsőségét dicsérve zengjétek, alleluja!
(Vö. Zsolt 65,1-2)","Istenünk, te úgy akartad, 
hogy néped szüntelenül vigadozzék,
mert visszaadtad lelke fiatalságát.
Engedd, hogy akik most a fogadott fiúság 
dicsőségének örvendeznek,
a biztos remény örömével várják 
a feltámadás napját.
A mi Urunk, Jézus Krisztus, a te Fiad által,
aki veled él és uralkodik a Szentlélekkel egységben,
Isten mindörökkön örökké.","Kérünk, Istenünk, fogadd el 
ezeket az adományokat ujjongó Egyházadtól,
amelynek most ilyen nagy örömet okoztál.
Add, hogy egykor az örök boldogságot is élvezze.
Krisztus, a mi Urunk által.","<i>I. Húsvéti prefáció</i> - Misekönyv 440-444. oldal<br>
<br>
Az Úr legyen veletek.<br>
H.: És a te lelkeddel.<br>
Emeljük föl szívünket.<br>
H.: Fölemeltük az Úrhoz.<br>
Adjunk hálát Urunknak, Istenünknek.<br>
H.: Méltó és igazságos.<br>

(Mert) Valóban méltó és igazságos, illő és üdvös,
hogy minden időben magasztaljunk, Urunk, téged,
de különösen ezen a szent ünnepen,
–    midőn áldozattá lett értünk KRISZtus,
  a Húsvéti Bárány.
<br>
Mert ő az igazi Bárány, aki elvette a világ bűneit,
–    halálunkat halálával MEGtörte,
  és feltámadásával új életet szerzett nékünk.
<br>
A húsvéti öröm ezért kiárad az egész földre,
a nagyvilág örvendezve ujjong,
a mennyei erők és a hatalmas angyalok,
–  (a te) dicsőséged himnuszát ZENgik,
  és vég nélkül mondják (éneklik):","<i>A évben</i><br>
A tanítványok felismerték az Úr Jézust a kenyértöréskor, alleluja. 
(Lk 24,35)
<br>
<i>B évben</i><br>
Szenvednie kellett Krisztusnak,
és harmadnap feltámadnia a halálból,
nevében megtérést kell hirdetni,
és bünbocsánatot minden népnek, alleluja! 
(Lk 24,46-47)
<br><i>C évben</i><br>
Jézus így szólt tanítványaihoz: Jöjjetek és egyetek!
Majd fogta a kenyeret és odaadta nekik, alleluja.
(Vö. Jn 21,12-13)","Urunk, Istenünk,
tekints jóságosan népedre,
és akiket örök életre szóló szentségeiddel megújítottál,
azokat juttasd el a megdicsőülő test romolhatatlan feltámadására.
Krisztus, a mi Urunk által."
"50","Húsvét 4. vasárnapja","HUS04","Az Úr irgalma betölti a földet,
az Úr szavára lettek az egek, alleluja!
(Vö. Zsolt 32,5-6)","Mindenható, örök Isten, vezess minket 
a mennyország boldog közösségébe.
Jusson el híveid gyönge nyája oda,
ahová előttünk ment Jézus, a mi erős Pásztorunk.
A mi Urunk, Jézus Krisztus, a te Fiad által,
aki veled él és uralkodik a Szentlélekkel egységben,
Isten mindörökkön örökké.","Urunk, Istenünk, segíts minket,
hogy mindenkor hálát adjunk
a húsvéti misztériumok által,
és megváltásunk folytonosan ható kegyelme
szüntelen örvendezés forrása legyen bennünk.
Krisztus, a mi Urunk által.","<i>I. Húsvéti prefáció</i> - Misekönyv 440-444. oldal<br>
<br>
Az Úr legyen veletek.<br>
H.: És a te lelkeddel.<br>
Emeljük föl szívünket.<br>
H.: Fölemeltük az Úrhoz.<br>
Adjunk hálát Urunknak, Istenünknek.<br>
H.: Méltó és igazságos.<br>

(Mert) Valóban méltó és igazságos, illő és üdvös,
hogy minden időben magasztaljunk, Urunk, téged,
de különösen ezen a szent ünnepen,
–    midőn áldozattá lett értünk KRISZtus,
  a Húsvéti Bárány.
<br>
Mert ő az igazi Bárány, aki elvette a világ bűneit,
–    halálunkat halálával MEGtörte,
  és feltámadásával új életet szerzett nékünk.
<br>
A húsvéti öröm ezért kiárad az egész földre,
a nagyvilág örvendezve ujjong,
a mennyei erők és a hatalmas angyalok,
–  (a te) dicsőséged himnuszát ZENgik,
  és vég nélkül mondják (éneklik):","Feltámadt a jó Pásztor, aki életét adta juhaiért
és meghalt az ő nyájáért, alleluja.","Jó Pásztorunk, 
tekints kegyesen nyájadra, és juhaidat, 
akiket Fiad drága vérén megváltottál,
vezesd az örök élet országába.
Krisztus, a mi Urunk által."
"51","Húsvét 5. vasárnapja","HUS05","Énekeljetek az Úrnak új éneket,
mert csodálatos dolgokat cselekedett;
kinyilatkoztatta az ő igazságát a nemzetek színe előtt, alleluja! 
(Vö. Zsolt 97,1-2)","Mindenható, örök Isten,
tedd tökéletessé bennünk a húsvéti szentséget,
hogy akiket a szent keresztségben megújítottál,
oltalmad alatt bő termést hozzanak,
és eljussanak az örök boldogságra.
A mi Urunk, Jézus Krisztus, a te Fiad által,
aki veled él és uralkodik a Szentlélekkel egységben,
Isten mindörökkön örökké.","Istenünk, te a csodálatos csere által,
amely ebben az áldozatban megvalósul,
isteni életed részeseivé tettél minket.
Add, kérünk, hogy az így megismert igazságot
méltó élettel meg is valósítsuk.
Krisztus, a mi Urunk által.","<i>I. Húsvéti prefáció</i>
<br>
Az Úr legyen veletek.<br>
H.: És a te lelkeddel.<br>
Emeljük föl szívünket.<br>
H.: Fölemeltük az Úrhoz.<br>
Adjunk hálát Urunknak, Istenünknek.<br>
H.: Méltó és igazságos.<br>

(Mert) Valóban méltó és igazságos, illő és üdvös,
hogy minden időben magasztaljunk, Urunk, téged,
de különösen ezen a szent ünnepen,
–    midőn áldozattá lett értünk KRISZtus,
  a Húsvéti Bárány.
<br>
Mert ő az igazi Bárány, aki elvette a világ bűneit,
–    halálunkat halálával MEGtörte,
  és feltámadásával új életet szerzett nékünk.
<br>
A húsvéti öröm ezért kiárad az egész földre,
a nagyvilág örvendezve ujjong,
a mennyei erők és a hatalmas angyalok,
–  (a te) dicsőséged himnuszát ZENgik,
  és vég nélkül mondják (éneklik):","Én vagyok az igazi szőlőtö,
ti pedig a szőlővesszők - mondja az Úr.
Aki bennem marad, és én őbenne,
az bő termést hoz, alleluja! 
(Jn 15,1.5)","Kérünk, Urunk, Istenünk, légy irgalmas a te népedhez,
és minket, akiket a mennyei misztériumokba beavattál,
vezess át a régiből az új életbe.
Krisztus, a mi Urunk által."
"52","Húsvét 6. vasárnapja","HUS06","Örvendező szóval hirdessétek,
hogy mindenki hallja,
hirdessétek mindenütt a föld végső határáig:
megszabadította az Úr az ő népét, alleluja! 
(Vö. Iz 48,20)","Mindenható Istenünk,
add, hogy odaadó buzgósággal ünnepeljük 
Urunk feltámadásának örömnapjait.
Engedd, hogy cselekedeteinkkel mindenkor életre váltsuk,
amit az emlékezéssel felidézünk.
A mi Urunk, Jézus Krisztus, a te Fiad által,
aki veled él és uralkodik a Szentlélekkel egységben,
Isten mindörökkön örökké.","Urunk, Istenünk,
fogadd el könyörgéseinket áldozati adományainkkal együtt.
Add, hogy kegyelmed erejéből megtisztulva
atyai jóságod szentségeihez méltók legyünk.
Krisztus, a mi Urunk által.","<i>I. Húsvéti prefáció</i>
<br>
Az Úr legyen veletek.<br>
H.: És a te lelkeddel.<br>
Emeljük föl szívünket.<br>
H.: Fölemeltük az Úrhoz.<br>
Adjunk hálát Urunknak, Istenünknek.<br>
H.: Méltó és igazságos.<br>

(Mert) Valóban méltó és igazságos, illő és üdvös,
hogy minden időben magasztaljunk, Urunk, téged,
de különösen ezen a szent ünnepen,
–    midőn áldozattá lett értünk KRISZtus,
  a Húsvéti Bárány.
<br>
Mert ő az igazi Bárány, aki elvette a világ bűneit,
–    halálunkat halálával MEGtörte,
  és feltámadásával új életet szerzett nékünk.
<br>
A húsvéti öröm ezért kiárad az egész földre,
a nagyvilág örvendezve ujjong,
a mennyei erők és a hatalmas angyalok,
–  (a te) dicsőséged himnuszát ZENgik,
  és vég nélkül mondják (éneklik):","Ha szerettek engem, tartsátok meg parancsaimat – mondja az Úr.
Én pedig kérni fogom az Atyát, és más Vigasztalót ad nektek,
hogy veletek maradjon mindörökké, alleluja! 
(Jn 14,15-16)","Mindenható, örök Isten,
te Krisztus feltámadásában
újjáteremtesz minket az örök életre.
Növeld bennünk a húsvéti szentségek kegyelmét,
és az üdvösséges eledel erejével
töltsd be lelkünket. 
Krisztus, a mi Urunk által."
"53","Urunk mennybemenetele","HUS07","Galileai férfiak! Mit csodálkoztok az égre nézve?
Ahogy láttátok őt az égbe menni,
úgy jön el egykor újra, alleluja! 
(Vö. ApCsel 1,11)","Mindenható Istenünk, hadd ujjongjunk szent örömmel és hadd vigadjunk gyermeki hálaadással, mert szent Fiadnak, Krisztusnak mennybemenetele a mi fölemelkedésünk.
Ahová ugyanis a Fő dicsőségben eljutott,
oda kapott meghívást az egész test, az Egyház, reménységben. 
A mi Urunk, Jézus Krisztus, a te Fiad által, aki veled él és uralkodik a Szentlélekkel egységben, Isten mindörökkön örökké.
<br><br>
<i>Vagy</i><br>
Mindenható Istenünk, kérünk, engedd,
hogy akik hittel valljuk,
hogy Egyszülötted, a mi Megváltónk,
a mai napon fölment a mennybe,
lelkünkkel mi magunk is a mennyben lakjunk.
Aki veled él és uralkodik a Szentlélekkel egységben,
Isten mindörökkön örökké.","Urunk, Istenünk, hálaáldozatot mutatunk be neked Fiad mennybemenetelének ünnepén.
Alázattal kérünk, viszonzásul add,
hogy szentségi ajándékaid
mennyei életre keltsenek minket.
Krisztus, a mi Urunk által.","<i>I—II. prefáció Urunk mennybemeneteléről</i> - Misekönyv 445-446. oldal, ünnepélyes dallammal 1068. oldal.
<br>
Az Úr legyen veletek.<br>
  H.: És a te lelkeddel.<br>
Emeljük föl szívünket.<br>
  H.: Fölemeltük az Úrhoz.<br>
Adjunk hálát Urunknak, Istenünknek.<br>
  H.: Méltó és igazságos.<br>

(Mert) Valóban méltó és igazságos, illő és üdvös,
hogy mindig és mindenütt hálát adjunk néked,
–    mi Urunk, szentséges ATyánk,
  mindenható, örök Isten:
<br>
Mert Urunk Jézus, dicsőséges királyunk
a bűnt és a halált legyőzte,
és az angyalok csodálatára (a mai napon) fölment a mennybe,
hogy Istennél értünk, emberekért közbenjárjon
– ítélje a VIlágot,
  és uralkodjék rajta.
<br>
Ő nem azért távozott, hogy magára hagyja az esendő embert,
sőt reménységgel tölt el minket, titokzatos testének tagjait,
– hogy követhetjük a MENNYbe,
  ahová mint az Egyház feje és az élet szerzője érkezett.
<br>
A húsvéti öröm ezért kiárad az egész földre,
a nagyvilág örvendezve ujjong,
a mennyei erők és az angyali hatalmak,
– (a te) dicsőséged himnuszát ZENgik,
és vég nélkül mondják (éneklik):","Íme, én veletek vagyok minden nap, a világ végéig, alleluja. 
(Mt 28,20)","Mindenható, örök Isten,
te minket már a földön mennyei eledellel táplálsz.
Add, hogy áldozatos buzgósággal törekedjünk a mennybe,
ahová már fölvetted emberi természetünket.
Krisztus, a mi Urunk által."
"54","Pünkösdvasárnap - ünnepi mise","HUS08","Az Úrnak lelke betölti a földkerekséget,
és aki egybefogja a mindenséget,
tud minden szóról, alleluja. (Bölcs 1,7)
<br>
<i>Vagy</i><br>							
Isten szeretete kiáradt szívünkbe
a bennünk lakó Szentlélek által, alleluja. (Róm 5,5;10,11)","Istenünk, te a mai szentséges ünnepen Egyházadat
és általa a világ minden népét és nemzetét megszentelted.
Áraszd ki a Szentlélek ajándékait az egész világra,
és töltsd be híveid szívét isteni kegyelmeddel,
amellyel egykor elindítottad az evangélium hirdetését.
A mi Urunk, Jézus Krisztus, a te Fiad által,
aki veled él és uralkodik a Szentlélekkel egységben,
Isten mindörökkön örökké.","Kérünk, Urunk, Istenünk,
hogy amint Szent Fiad megígérte,
a Szentlélek nyilatkoztassa ki egyre gazdagabban
ennek az áldozatnak titokzatos értelmét,
és tanítson meg minket minden igazságra.
Krisztus, a mi Urunk által.","<i>Pünkösd szent titkáról</i> - Misekönyv 363. oldal, Ünnepélyes dallammal, 1070. oldal.
<br>
Az Úr legyen veletek.<br>
   H.: És a te lelkeddel.<br>
Emeljük föl szívünket.<br>
   H.: Fölemeltük az Úrhoz.<br>
Adjunk hálát Urunknak, Istenünknek.<br>
   H.: Méltó és igazságos.<br>

(Mert) Valóban méltó és igazságos, illő és üdvös,
hogy mindig és mindenütt hálát adjunk neked
– mi Urunk, szentséges ATyánk,
mindenható, örök Isten:
<br>
Te húsvét szent titkát azzal tetted teljessé,
hogy ezen a napon elküldted a Szentlelket azoknak,
– akiket az egyszülött Fiaddal való közösség révén
gyermekeiddé fogadtál.
A Szentlélek pünkösdkor, az Egyház születése napján
minden népre kiárasztotta az istenismeret fényét,
– és a sok különböző nyelvű embert
az egy közös hit megvallásában egyesítette.
<br>
A húsvéti öröm ezért kiárad az egész földre,
és a nagyvilág örvendezve ujjong,
a mennyei erők és a hatalmas angyalok
– (a te) dicsőséged himnuszát zengik,
és vég nélkül mondják (éneklik):","Mindnyájan beteltek Szentlélekkel,
és hirdették Isten nagy tetteit, alleluja! 
(ApCsel 2,4.11)","Istenünk, te bőségesen árasztod Egyházadra mennyei ajándékaidat.
Őrizd bennünk a kegyelmet, amelyet adtál,
hogy a Szentlélek belénk öntött ereje
mindenkor elevenen működjék,
és a lelki táplálék gyarapítsa bennünk a kegyelmi életet.
Krisztus, a mi Urunk által."
"55","Szentháromság vasárnap","HUS09","<i>Misekönyv 402. oldal</i><br
>Áldott legyen az Atyaisten,
és Isten egyszülött Fia,
és a Szentlélek,
mert irgalmasságot gyakorolt velünk.","Mennyei Atyánk, te elküldted a világba Fiadat,
az igazság Igéjét és a megszentelő Szentlelket,
és ezzel kinyilatkoztattad belső életed csodálatos titkát.
Add, hogy az igaz hit megvallásával
a Szentháromság dicsőségét megismerjük,
és a fölséges hatalmú egy Istent imádjuk.
A mi Urunk, Jézus Krisztus, a te Fiad által,
aki veled él és uralkodik a Szentlélekkel egységben,
Isten mindörökkön örökké.","Kérünk, Urunk, Istenünk,
neved segítségül hívása által
szenteld meg felajánlott adományainkat,
és tégy minket általuk neked szentelt örök áldozattá.
Krisztus, a mi Urunk által.","<i>A Szentháromság misztériumáról</i> -  Misekönyv 403. oldal<br>
Az Úr legyen veletek.<br>
  H.: És a te lelkeddel.<br>
Emeljük föl szívünket.<br>
  H.: Fölemeltük az Úrhoz.<br>
Adjunk hálát Urunknak, Istenünknek.<br>
  H.: Méltó és igazságos.<br>

(Mert) Valóban méltó és igazságos, illő és üdvös,
hogy mindig és mindenütt hálát adjunk neked,
– mi Urunk, szentséges ATyánk,
mindenható, örök Isten:
<br>
Te egyszülött Fiaddal és a Szentlélekkel együtt
egy Isten és egy Úr vagy,
nem személy szerint való egységben,
– hanem három SZEmélyben
és mégis egyetlen lényegben.
<br>
Így, amit isteni szavadra dicsőségedről hittel vallunk,
azt Fiadról is állítjuk,
a Szentlélekről is hirdetjük
minden különbségtétel nélkül.
<br>
Az igaz és örök istenséget úgy valljuk,
hogy három különböző Személyt imádunk benne
– egyetlen lényegben
és egyetlen fenségben.
<br>
Ezt dicsőítik az angyalok és főangyalok,
a kerub- és szeráfkórusok,
– kik örökké éneklik,
és együtt zengik (mondják):","Mivel pedig fiak vagytok,
Isten elküldte Fiának Lelkét szívetekbe,
aki ezt kiáltja: Abba, Atya! 
(Gal 4,6)","Urunk, Istenünk, e szentség vétele,
és az örökkévaló, egy és oszthatatlan Szentháromság megvallása
szolgáljon testünk és lelkünk üdvösségére.
Krisztus, a mi Urunk által."
"56","Krisztus Szent Teste és
Vére: Úrnapja","HUS10","Táplálta őket a gabona javával,
és jóllakatta őket mézzel a kősziklából.
(Vö. Zsolt 80,17)
","Urunk, Jézus Krisztus,
te ebben a csodálatos szentségben
kínszenvedésed emlékét hagytad ránk.
Add, kérünk,
Tested és Véred szent titkát úgy tisztelnünk,
hogy megváltásod gyümölcsét szüntelenül élvezzük.
Aki élsz és uralkodol
az Atyával és a Szentlélekkel egységben
Isten mindörökkön örökké.","Kérünk, Istenünk,
add meg Egyházadnak az egység és a béke ajándékát,
amelyet a felajánlott áldozati adományok titokzatosan jelképeznek.
Krisztus, a mi Urunk által.","<i>II. (vagy I.) prefáció a Legméltóságosabb Oltáriszentségről.</i> - Misekönyv 455-456. oldal, ünnepélyes dallammal, 1076. oldal.
<br>
Az Úr legyen veletek.	<br>
   H.: És a te lelkeddel.<br>
Emeljük föl szívünket.	<br>
   H.: Fölemeltük az Úrhoz.<br>
Adjunk hálát Urunknak, Istenünknek.<br>
   H.: Méltó és igazságos.<br>

(Mert) Valóban méltó és igazságos, illő és üdvös,
hogy mindig és mindenütt hálát adjunk néked,
mi Urunk, szentséges Atyánk, mindenható, örök Isten:
  Krisztus, a mi Urunk által.
<br>
(Mert) Ő az igazi örök Főpap,
ki üdvösségünkért feláldozta önmagát,
– és minden időkre szóló áldozatot RENdelt, meghagyva, hogy emlékezetére mi is felajánljuk néked.<>
Ha értünk adott Testét magunkhoz vesszük,
erőt áraszt lelkünkbe,
– ha értünk ontott Vérét isszuk,
  tisztára mos minket.
<br>
(És) Ezért mi is, miként az angyalok és főangyalok,
a trónod körül álló hatalmas égi szellemek,
és minden seregek a mennyben,
(a te) dicsőséged himnuszát zengjük,
– és velük együtt
  vég nélkül mondjuk (énekeljük):","Aki eszi az én testemet és issza az én véremet,
az bennem marad, és én őbenne - mondja az Úr. 
(Jn 6,57)","Kérünk, Urunk, töltsd be lelkünket istenséged örökkévaló élvezetével, amelyet drága Testednek és Vérednek mostani vétele már előre jelez.
Aki élsz és uralkodol mindörökkön örökké."
"57","Urunk bemutatása","EVK04nem","Befogadtuk, Istenünk, irgalmasságodat
templomod belsejében.
Miként neved, Istenünk,
úgy dicséreted is betölti a föld határait,
jobbod telve igazsággal. (Zsolt 47,10-11)","Mindenható, örök Isten, egyszülött Fiadat ma emberi testünk valóságában mutatták be templomodban. Tisztítsd meg szívünket, hogy méltók legyünk egykor mi is megjelenni előtted. 
A mi Urunk, Jézus Krisztus, a te Fiad által, aki veled él és uralkodik a Szentlélekkel egységben, Isten mindörökkön-örökké.","Urunk, Istenünk, legyen kedves előtted az áldozati adomány, amelyet ujjongó lélekkel bemutat Egyházad, hiszen te akartad, hogy felajánlja neked áldozatul a világ életéért egyszülött Fiadat, a szeplőtelen Bárányt. Aki él és uralkodik mindörökkön-örökké.","<i>Urunk bemutatásának titka</i> - Misekönyv 580. oldal<br>
Az Úr legyen veletek.<br> H.: És a te lelkeddel. <br>
Emeljük föl szívünket.<br> H.: Fölemeltük az Úrhoz.<br>
Adjunk hálát Urunknak, Istenünknek.<br> H.: Méltó és igazságos.<br>
(Mert) Valóban méltó és igazságos, illő és üdvös, hogy mindig és mindenütt hálát adjunk néked, – mi Urunk, szentséges ATYánk, mindenható, örök Isten: <br>
Mert szent Fiadat, örökkévalóságod részesét, ma templomodban bemutatták néked, s a Szentlélek kinyilvánította róla, – <br>
hogy világossága lesz minden NEMzetnek és dicsősége választott népednek. <br>
Az Üdvözítőhöz mi is örvendezve járulunk, az angyalokkal és a szentekkel együtt – áldunk TÉged, és vég nélkül mondjuk: (zengjük:)","Már meglátták szemeim az Üdvözítőt, őt adtad számunkra, csodájára minden népnek. (Lk 2,30-31)","Magunkhoz vett szentséged tegye tökéletessé bennünk kegyelmed művét, Istenünk, aki betöltötted Simeon szíve vágyát, és nem halt meg, amíg karjaiba nem fogadta a Messiást. Engedd, hogy életutunkon mi is találkozzunk szent Fiaddal és elnyerjük az örök életet. Krisztus, a mi Urunk által."
